<?xml version="1.0" encoding="utf-8"?>
<template_modifications>
  <modification type="public" template="PAGE_CONTAINER" modification_key="fs_google_analytics_integration" description="fs_google_analytics_integration add script in header" execution_order="10" enabled="1" action="str_replace">
    <find><![CDATA[<xf:include template="google_analytics" />]]></find>
    <replace><![CDATA[$0

<!-- Google Tag Manager -->
<script>(function(w,d,s,l,i){w[l]=w[l]||[];w[l].push({'gtm.start':
new Date().getTime(),event:'gtm.js'});var f=d.getElementsByTagName(s)[0],
j=d.createElement(s),dl=l!='dataLayer'?'&l='+l:'';j.async=true;j.src=
'https://www.googletagmanager.com/gtm.js?id='+i+dl;f.parentNode.insertBefore(j,f);
})(window,document,'script','dataLayer','GTM-NJ6FJ4LC');</script>
<!-- End Google Tag Manager -->]]></replace>
  </modification>
  <modification type="public" template="PAGE_CONTAINER" modification_key="fs_google_analytics_integration_body" description="fs_google_analytics_integration_body add script in Body" execution_order="10" enabled="1" action="str_replace">
    <find><![CDATA[<body data-template="{$template}">]]></find>
    <replace><![CDATA[$0

<!-- Google Tag Manager (noscript) -->
<noscript><iframe src="https://www.googletagmanager.com/ns.html?id=GTM-NJ6FJ4LC"
height="0" width="0" style="display:none;visibility:hidden"></iframe></noscript>
<!-- End Google Tag Manager (noscript) -->]]></replace>
  </modification>
</template_modifications>
