{
    "src/addons/XFMG/addon.json": "e78caa3f623d33772dc9c5bd8d6feafaf0286759ce1cd2eb32fca1f0cb23d98e",
    "src/addons/XFMG/Admin/Controller/AbstractBatchUpdate.php": "497c9ca45913e6a48b6af800e2652700a9a7e9d314006f36165b389df319e8fc",
    "src/addons/XFMG/Admin/Controller/BatchUpdateAlbum.php": "4a067fab68766dfbbccc35c60f502032e3ec0c3f59378ffec4a5e62a034c1b29",
    "src/addons/XFMG/Admin/Controller/BatchUpdateMedia.php": "dd6de42f45441afe0d3203cb1500942bfc7ec565d7f394986b652746c7541924",
    "src/addons/XFMG/Admin/Controller/Category.php": "6afac5d4076d8abf415058434c911a9de9c5593ea53ba2c611b12cb850924386",
    "src/addons/XFMG/Admin/Controller/Media.php": "23680d4ec795e1f51d5382aeb88b4eeba11717795fb71317c515d82ca390c6ad",
    "src/addons/XFMG/Admin/Controller/MediaField.php": "348afb00332fb5f90265f7471cafc1c6791b5bb556d2d1aa94caca9978a9b716",
    "src/addons/XFMG/Admin/Controller/Permission.php": "b075458f3441c02f000b99fa9d3bf86f2710da01e6a7f23f66596b4bb8a7fe20",
    "src/addons/XFMG/Alert/Album.php": "91409f31010f938ddeb8f9d7daa725cbfdb65471ba4c84ea4371a352fd4cb155",
    "src/addons/XFMG/Alert/Comment.php": "ee722664a7961a866a968138770e800b415c6574bc0df7b31c7e3832766f1bf7",
    "src/addons/XFMG/Alert/Media.php": "079910e29c0b02d4834140ad7bf1d922383d1316c690ceea283be9dd4c3fa9ca",
    "src/addons/XFMG/Alert/MediaNote.php": "d3ae846811a9141eb17653a5f435facdb2c2f746d87c9ce3062adaf46c58abc6",
    "src/addons/XFMG/Alert/Rating.php": "04918a80b8f7f05df969c36ddb4daf9072729e65ae6b88699cf27c3a2d4b367f",
    "src/addons/XFMG/Api/Controller/Album.php": "5bb5c7b610fb1b562d9ae4dfa010b90e1c1a0fbdd527023ceeead3731407cbdb",
    "src/addons/XFMG/Api/Controller/Albums.php": "85f5e52b96d980ee6215dcd1b767fda0d50afb2c4e531149dfef83f9289b5945",
    "src/addons/XFMG/Api/Controller/Categories.php": "0b6a525b2a90b978dcbf72e24a07400ef55179bf85be778e79fb7ba436209b38",
    "src/addons/XFMG/Api/Controller/Category.php": "282738948cca3bd6779c8c24ac5907909d0372a9882a17f2f4eae99309017eed",
    "src/addons/XFMG/Api/Controller/Comment.php": "7fca61b2282e02206d15fbfd1f5d29cefb59f3afbed78e0091b938c7dac4bcb3",
    "src/addons/XFMG/Api/Controller/Comments.php": "730ee537aec714d3c6d0a70fa1082c904b540d55c26fe5f69eb1ce76ad9ed474",
    "src/addons/XFMG/Api/Controller/MediaItem.php": "443fb77edc95a1ce4eb7bcc073a34a76ed85f924424a17829c094c6772b50d4a",
    "src/addons/XFMG/Api/Controller/MediaItems.php": "cbc477802042297d379f39776a52ffbfd9d70c6a6a588adfd3a2369b33bbfeef",
    "src/addons/XFMG/Api/ControllerPlugin/Album.php": "64a207cf563e4ab9e1c94b50d77dd513555d6fb29af3d523964e35eddf251ccd",
    "src/addons/XFMG/Api/ControllerPlugin/Category.php": "5546cc76670fb9d05a37e7d499818a42307821c20fc39a4916035515dc69b7c4",
    "src/addons/XFMG/Api/ControllerPlugin/MediaItem.php": "2576fb394fe1965c0726dea566c3b93a32172281e20ff35f7e63e49d388d4e05",
    "src/addons/XFMG/ApprovalQueue/Album.php": "5445864cef933dc205581e92f19dafcf6b889d8180399064c783c52d351bab51",
    "src/addons/XFMG/ApprovalQueue/Comment.php": "b6d09a3bf84f9428d224422cdcae31ade3a32ed5ccf64eda9f4fe2191376d39e",
    "src/addons/XFMG/ApprovalQueue/Media.php": "cfb12b420efa279684ce0a3b97a8fac19581f10e7dd57f980b50a58934698ee0",
    "src/addons/XFMG/Attachment/Media.php": "b96fba3dd555e8c51f1033559c9049148512babfded7467af92a56036f1ee4a7",
    "src/addons/XFMG/BbCode/Gallery.php": "362bc8d345eb7db10858a742bdaff97394d02092a553bb2319ac426f710403da",
    "src/addons/XFMG/Bookmark/Album.php": "b946288cefa656de2a8ada10ec8afee122c04266e5dd4f03c5ddf584dc14aaf1",
    "src/addons/XFMG/Bookmark/Media.php": "bfc5dec9adcd4cc729e33fa1008a513d156ce895aa643bca0d88145b4f8fafe4",
    "src/addons/XFMG/Cli/Command/Rebuild/RebuildAlbums.php": "f92b5d3dfb3e2ca93e72d3b85861e84c5f24081288331272206f8756572b7f70",
    "src/addons/XFMG/Cli/Command/Rebuild/RebuildMediaItems.php": "32d1f82788a3a192867c25a1cf80ae2001ca1a18ff4687b96f5374b0b588b080",
    "src/addons/XFMG/Cli/Command/Rebuild/RebuildUserCounts.php": "ca5704229e39216977b75b91fdffd93853aa4d3222c4f032523bc4d652b07fa8",
    "src/addons/XFMG/ControllerPlugin/AbstractList.php": "079bc5b24ce6cafba11dca8e37a9f9984616528ecc90d87ddffd46635cb5a98e",
    "src/addons/XFMG/ControllerPlugin/AlbumList.php": "c22d314ccc24719b062e526dbed5b3943b568850fe79157a488d43650535b75c",
    "src/addons/XFMG/ControllerPlugin/CategoryPermission.php": "0f8de633e3f81152a33a33a58a97076163911ebf88fc4cbc6318c2034101d333",
    "src/addons/XFMG/ControllerPlugin/CategoryTree.php": "ad202d141af669f91dbd2475fcb8de7053979ed6c903a83cf4969a9433ec83e2",
    "src/addons/XFMG/ControllerPlugin/FilmStrip.php": "b3a234e3871d053d2a47b63541deda925fdc11235ca48bc5dadf6bc8773fe709",
    "src/addons/XFMG/ControllerPlugin/MediaList.php": "f881fa99b28252989f4c1e02bca0641ac6411f74b0b60ed508a828cd9167de1a",
    "src/addons/XFMG/Cron/CleanUp.php": "b038ff5fa30f4247d184d4f499c29acd420ef16357ccfa5b8504f89e31a0f10a",
    "src/addons/XFMG/Cron/RandomCache.php": "e41ce642e9745e46e123053d0cdd027fb2caf3f4592987cde968ba2467ad5e4a",
    "src/addons/XFMG/Cron/Statistics.php": "81b6a32f4c47fd2f7305c069ee766eb6e94d3ef0ccf735eb655076f8322df5ed",
    "src/addons/XFMG/Cron/Views.php": "b27b44e01e7021b606e845041ad05c99924887f69c794274ab3f715359e5809f",
    "src/addons/XFMG/EditHistory/Comment.php": "ab390ebb52cd7e95f41914af67fdeb582438947f370069c6e089893070e08c0e",
    "src/addons/XFMG/EmailStop/Album.php": "af0434c6ded5d2b2b84cc9b29a041ac1edc9156698bd6128fe8ea9618fca1ed4",
    "src/addons/XFMG/EmailStop/Category.php": "c160d0c06bdf9855a151d256d6976889f246acfa5f247efc0a81aa59919590f3",
    "src/addons/XFMG/EmailStop/Media.php": "579bce21e80658f1fbcac845ba6f18f5fcc3b01375b72d2e6eccc78868a6583c",
    "src/addons/XFMG/EmbedData/BaseData.php": "7fc230f198311a8cdbd29930c1aa0f7a6af6e0aedb631d58c3d7d2b9b47460b3",
    "src/addons/XFMG/EmbedData/Imgur.php": "695fd8004388c846942544130d20ed11f384bc52bb2b57c5a754e2d0973f7b6f",
    "src/addons/XFMG/EmbedData/Vimeo.php": "d201d2a4f2176683c14d5259c38202b5a9ba9f08cd8d79a1a9fc1524700d7c1c",
    "src/addons/XFMG/EmbedData/YouTube.php": "439ec8cf4f63b0969ca9566b53393f36f1cbecfd9a198540e4539ccaa4ae9679",
    "src/addons/XFMG/Entity/Album.php": "3d485035387d52a5aa81b1770234a17aeffa8dd61bb378a3b797a59e1a549a2d",
    "src/addons/XFMG/Entity/AlbumCommentRead.php": "617fa2953bd2984d01d035181aecf6b6a8a56526cab80243ae69fd01b727708f",
    "src/addons/XFMG/Entity/AlbumWatch.php": "be6fb06b544711d123737d74eda4f763c88e16de5ae9374f3e527778216cbc16",
    "src/addons/XFMG/Entity/Category.php": "71c295ce0d0960dac1330d547b34e34c036c6a5029b88b81805c686db9f90066",
    "src/addons/XFMG/Entity/CategoryField.php": "4f5e409bbbec166ecae4a7a0dd7df90c7cedb45a1e72c65d95db154738aaadb4",
    "src/addons/XFMG/Entity/CategoryWatch.php": "a73454d5384b264d70a97c86bda90b0697390cd5b38456d0dfbd35a30ae74434",
    "src/addons/XFMG/Entity/Comment.php": "5c2cbddc9e166e3fdec09190ea83900b655adbac63b9f1733bff7a8e04dc2971",
    "src/addons/XFMG/Entity/CommentableTrait.php": "6ec5dc827f31a9013c9b09c3ad7c7368c9959b3ac8cc9f2e154f91e4983c917a",
    "src/addons/XFMG/Entity/MediaCommentRead.php": "f6a192c7c166a9b831dbbc7f76ecdd6ea84fb2d3b7b62bf4dd463d2d689eab97",
    "src/addons/XFMG/Entity/MediaField.php": "f5c7b2959f700ee5df5690f5b07c0f4ce1c403c704c6baa13dbe3415d388d33d",
    "src/addons/XFMG/Entity/MediaItem.php": "db3b3345c6d695207280f1bea06454c79d3734c78b65cdb8bffeca12129bb086",
    "src/addons/XFMG/Entity/MediaNote.php": "d0d1db7d52f443c7863d4edc3729b8989dc2ad411815d54f622d54989298400d",
    "src/addons/XFMG/Entity/MediaTemp.php": "9baccea931a2925a78ae239e151b83dcbfb17b5be00ca88de23ba3077aec37da",
    "src/addons/XFMG/Entity/MediaUserView.php": "cac27c2da391ff0ca5ebf80f8cb51e27c1d32238af7486ffe5b0ef0177b2b3d2",
    "src/addons/XFMG/Entity/MediaWatch.php": "19e6951040cd405fc2232ddd294a954ddc0cd5c165bd117d9aa2820c31019e0f",
    "src/addons/XFMG/Entity/RateableTrait.php": "5bef8cc01ee44c7ca3bdc320f8d4a5e651e8b2c82ccf57c5acb64b5df90d0cf7",
    "src/addons/XFMG/Entity/Rating.php": "c994052974e0328994a7097e9e765f6346ba8a2e1cfa6f08633f9fbf5b0b7515",
    "src/addons/XFMG/Entity/SharedMapAdd.php": "f4aff33542261f47771df4a7dd88b86d816ef605a665034a4934ea14286ecc58",
    "src/addons/XFMG/Entity/SharedMapView.php": "d4b0723b36e33f19213f07c0de40461e5fa6df09c2272e65c17b476d7185394f",
    "src/addons/XFMG/Entity/TranscodeQueue.php": "8b2fa7cf39ce9af250f95675e6490915eb7574f3069ea70b5eb1ea0497f5db2b",
    "src/addons/XFMG/Exif/Formatter.php": "59cd22826b9977feec091a5eb4ed520c868381af4129e3571d012d18ba3cbbf4",
    "src/addons/XFMG/Ffmpeg/Queue.php": "9fb3c3718ee9bab5b746f3b6d7d2e55bd4b04f9cd59c51d3883b3e3072cd4967",
    "src/addons/XFMG/Ffmpeg/Runner.php": "febc2bdbf0a69fad57c58620e00573f80a4dea582970b271cbf5d709f748f48c",
    "src/addons/XFMG/Ffmpeg/transcoder.php": "9bf1238aa95b603042565ac3a931c99342e38e370d997d20081b717827c5f4fa",
    "src/addons/XFMG/Finder/Album.php": "4cd3b0cc6caf58acee324cf5b4124c21a59a17f829d45445a0782ba95eb282fc",
    "src/addons/XFMG/Finder/Comment.php": "d8f2d88f937e77c446f9cc7491aa337572bbd30eca2388d0ce4de3aaa2769b58",
    "src/addons/XFMG/Finder/MediaItem.php": "ee4e857d5d5e2071364790bc7118f643d19facd87b33d9167913bbb48d6f27b5",
    "src/addons/XFMG/FindNew/Media.php": "832e27651f993a6063d90458f0d32ad18a599e2e3f1909dbc30db548f30cf8ee",
    "src/addons/XFMG/FindNew/MediaComment.php": "ddfb63d698169cb9a214224901cb72209745e381671d80acd2f733eba90144a8",
    "src/addons/XFMG/icon.png": "0d19c521ea583f8e935d669c5eee34329d71c18b969b360e4cf9e09e8da30070",
    "src/addons/XFMG/Import/Data/Album.php": "63b0bcf053a1266713a2332ef27cafab8a518dfadc640909eda58b6e30e52402",
    "src/addons/XFMG/Import/Data/Category.php": "8065e8cae5666ac95738cbf46d21b8b38dd93c521330cd494818dd29b5bb6f48",
    "src/addons/XFMG/Import/Data/Comment.php": "b3af2f3bca4ab9a74f16ec5dd4ef10ffa8a40deddf6a8e53e57e3235fbcb8f00",
    "src/addons/XFMG/Import/Data/HasWatchTrait.php": "2533d190fbd65d214a620f31d2da52e1befa743ffade523d869138f80b6a1350",
    "src/addons/XFMG/Import/Data/MediaField.php": "6696506ac9254db54145066dc299842df9d721d30950f560e61331c8820a18db",
    "src/addons/XFMG/Import/Data/MediaItem.php": "b5e4dd8b42c1e89c75d1a7c2e11ffa11d110654e232d5476d8765b8e3e0b73ed",
    "src/addons/XFMG/Import/Data/MediaNote.php": "9856ea98f8ab1c814e172846127ca077051de03451bdca1ba05a7b66e7b143ae",
    "src/addons/XFMG/Import/Data/Rating.php": "d4f24c72726146081b0805094657c3d72a20b834966691f6f4f723faa5cfe5cf",
    "src/addons/XFMG/Import/DataHelper/Watch.php": "52360622fe397f8ddb43095e4311a15d3c0996d1b088ada1f02153c276fe4972",
    "src/addons/XFMG/Import/Importer/AbstractMGImporter.php": "2d6b0456f59614a2e62445448fb01a30c081a4936404f850e6ebe8bce0c6d227",
    "src/addons/XFMG/Import/Importer/IpsGallery.php": "cfbab5cc46e745f44cc085617032d63d5970bb917e3bbc27b2c593d3aeda13a4",
    "src/addons/XFMG/Import/Importer/PhotopostPro.php": "676b723a8829e94657bb14658fb16b5c7daa9ad22dad90a3db53297c827bd651",
    "src/addons/XFMG/Import/Importer/vBGallery.php": "295e61e99092bb2e592cccc8ffa8637bc79cff6bf5e67df7062315d41807adf6",
    "src/addons/XFMG/Import/Importer/vBulletinAlbums3.php": "feb611557754f9abda895fa88e63fb01a7f6beaf7cf54882220961f14d917084",
    "src/addons/XFMG/Import/Importer/vBulletinAlbums4.php": "9ac17b66e4c19a0cd6d95119fc9a2ab437a632bf6bc1651e933aa6296f7495a9",
    "src/addons/XFMG/Import/Importer/vBulletinSourceTrait.php": "d0f04356c58e636adc61c76b622619780677b46fa2ce9a90a52130ecfcddff36",
    "src/addons/XFMG/Import/Importer/XFMG2.php": "6386ee84b83252d567d51b16d58382d176d00612855c98414b198ed7bbfc81f9",
    "src/addons/XFMG/Import/Importer/XFMG21.php": "a8204ceb776c0586b544b03ea2f7cce59088fe04bc552589ed07f28460583a9e",
    "src/addons/XFMG/InlineMod/Album.php": "42d4795942cc20d4e7391e86337668496fb73a61e680702283ffc1a90695361d",
    "src/addons/XFMG/InlineMod/Album/ChangePrivacy.php": "9f3ef4d88940b8c87075e158719b84d28c63f554e9a6431864bf6f342deaad9b",
    "src/addons/XFMG/InlineMod/Album/Delete.php": "a19f2c4a8bd3cc50b312f13b301e03809f48efe83eed1d540688d04d2d3d727a",
    "src/addons/XFMG/InlineMod/Album/Move.php": "8c9be399f42c0c08085d3fe305cc0332de283d7edb6080063fdaac92b5aa193e",
    "src/addons/XFMG/InlineMod/AlertSendableTrait.php": "ec962f1e852ce77e97aa356d2906a4be149cca67b6d5ff299fa15d15fa91e6e2",
    "src/addons/XFMG/InlineMod/Comment.php": "d920cc08c24e15be1a6582ae48c94d23c49851b1f3775e0cd8d2fbd89e9a7dea",
    "src/addons/XFMG/InlineMod/Comment/Delete.php": "df85ec3bce247f576e411392d79213b7dfc913e8d8468ef8522ace48e5eb688e",
    "src/addons/XFMG/InlineMod/Media.php": "1989782fddc3773e7ca5c2ec8963581de40fecae8eff3519fa90595284cad77f",
    "src/addons/XFMG/InlineMod/Media/AddWatermark.php": "67307bec1f80de5d7eaf0993a6085b9e3d3a96d999e80399119d0d6e6fd4597d",
    "src/addons/XFMG/InlineMod/Media/Delete.php": "d6904173163b20721cd27eb84060f38223c6054310e6c674a832bdb55fbbafbb",
    "src/addons/XFMG/InlineMod/Media/Move.php": "1fdc5096602b61d401f54639f982e4921d3be7bfcbc0ae588803a85e9e2933e3",
    "src/addons/XFMG/InlineMod/Media/RemoveWatermark.php": "ab9cd19e14a2029c0a5dbb430453ba96cccf9a7e6bdbce9ca1d70a95631d82db",
    "src/addons/XFMG/Install/Data/MySql.php": "80992a4a634ecbc05c48ffdc1db3f129e21f8d5af71026b62770363e4f2dfc6f",
    "src/addons/XFMG/Job/AbstractBatchUpdateAction.php": "b6472153e322b1a74ad593c95cf1788639ed623b15d76e4e28a39152f4780ab2",
    "src/addons/XFMG/Job/Album.php": "d45933529a569c2c841e23de936f7b834e66527e7aca18ad272b223fbe69aa0c",
    "src/addons/XFMG/Job/AlbumAction.php": "937733e0b42572fce3b5afa6f95f4b34879591bbc07de679f6dcd4400de0b3fa",
    "src/addons/XFMG/Job/AlbumDelete.php": "4fa8f0fa10794761d1df4111fd2732d4102d1e58b98358579f342323acefff5d",
    "src/addons/XFMG/Job/AlbumRatingRebuild.php": "8c014a49278ace241fd812e31b3d14e3cda5374277acea55e59fb74c603341cf",
    "src/addons/XFMG/Job/AlbumThumb.php": "a39f24179bd378ec2c6f649b81c9fb8922ac583c11230f1a130345217748311c",
    "src/addons/XFMG/Job/Category.php": "2739e9b83d3a2b7099f1c351d4a4995f682be130a33bb4bbd3a03ed6461b0a4d",
    "src/addons/XFMG/Job/CategoryDelete.php": "1470115223c01fc13d2d6617064c0d6e4f04d437691f17a530e0e31d59bfdb2a",
    "src/addons/XFMG/Job/MediaItem.php": "0b7df3b0695fdda1d7b910c52c230960a829699183f102f7b83dd62b3f7801d5",
    "src/addons/XFMG/Job/MediaItemAction.php": "7e417ad7657117ffaac3fb67a65601488e021e94d9a477ec7bed5164bce27e8d",
    "src/addons/XFMG/Job/MediaRatingRebuild.php": "1924f900303e92d354783468f89d920b75ce02521ea658c339f20b5467c198fc",
    "src/addons/XFMG/Job/MediaThumb.php": "1998e8d0fdef3b8840301b9ac0390c9564f1618018d719216e1083437afc3e39",
    "src/addons/XFMG/Job/TranscodeQueue.php": "5d414c630c2e6b9b48b18ac25852f493e8dc214870708abb932ecaa3d9b111cd",
    "src/addons/XFMG/Job/UpdateWatermark.php": "c962089cc1769569bc374238152ec4fc4c1c50a5b0982147032ead617fdaa3ab",
    "src/addons/XFMG/Job/Upgrade/LegacyTags110.php": "ab83961c52c143e566a368e3ee39d10a5ffdaa736b24c78a2c9ff1f6d0ac00d0",
    "src/addons/XFMG/Job/UserCount.php": "739b5fa365d6fae2c23a33729341f2fe22cd310bcf35fb01f812ac3db314bf03",
    "src/addons/XFMG/Job/UserMediaQuota.php": "157ff9f60934f91bbd686c86324945dc1aca5931bccb34fe08b4fd1e8edd6bf4",
    "src/addons/XFMG/Listener.php": "0ab7302c0476809f85bd573732db6c372377ad131cf585ffce928a2ff4c14f00",
    "src/addons/XFMG/ModeratorLog/Album.php": "b881115341bbe7fc2cdfd7be5c52c0c197e63c635646caa3acf8623522d0eabc",
    "src/addons/XFMG/ModeratorLog/Comment.php": "a5e14b484703f9cc2a360625c65f413cf9b4ca989ef8025c42287b7ba4073b10",
    "src/addons/XFMG/ModeratorLog/Media.php": "6394efcfc08b9bfaf5c8ad99dac82b021a29093c382b03bda5e40cfb5cef4dc2",
    "src/addons/XFMG/NewsFeed/Album.php": "8b1f5294ab655963aba403be0e5980c9463f6c1284f5a557f932c1de8738a2d8",
    "src/addons/XFMG/NewsFeed/Comment.php": "b71bff3d693b29c384303a5f17c454b7d992fc91c86b35f82605076b076192c4",
    "src/addons/XFMG/NewsFeed/MediaItem.php": "14c17a7ec948065abf3542d5454f111430f259d901f0386e2831ed1b5d31110d",
    "src/addons/XFMG/NewsFeed/Rating.php": "717e42f1876d01a495de9847c18d0096027d993245da3baa9d69dfb74fb07e86",
    "src/addons/XFMG/Notifier/Album/Mention.php": "f16896aa99c4abde8548e1a962ad53cd7a2e93c1acdd8298c44117b0ffdfc446",
    "src/addons/XFMG/Notifier/Comment/AlbumWatch.php": "d48ca921a367cb712bfaf3fe2f06f0e619889a155f88af1b0141f520e2aa9642",
    "src/addons/XFMG/Notifier/Comment/MediaWatch.php": "b73e5c1398ee2d49a32ab81d07114ec2251cb7e9732d3931de215e83f14d9fde",
    "src/addons/XFMG/Notifier/Comment/Mention.php": "8f8e327fc1aa14c138cfd9cfdd8b0ec3f8cb3a307a07a941751bc423ba2cd55f",
    "src/addons/XFMG/Notifier/Comment/Quote.php": "e6c84c24d87614761ca461e8455649ea523969b2f110279c3848da15b64d8f75",
    "src/addons/XFMG/Notifier/Media/AlbumWatch.php": "1c3d13689b8598f62e2af4db0e74c552e1b57951f5c4950a957b2b6c15a10a35",
    "src/addons/XFMG/Notifier/Media/CategoryWatch.php": "a285b501d10bba7e2de78060137a5bb9c56a4423e1f5337dc6b908280f9a37f3",
    "src/addons/XFMG/Notifier/Media/Mention.php": "d3461923345d53dc520bf1e761333c594d0ffe9506dbdd7ad6ea5a0e6c30ca53",
    "src/addons/XFMG/Option/Ffmpeg.php": "71df3ffc56b441ee461df4314bbbf941c24faebf22081f12907b6631dc90d989",
    "src/addons/XFMG/Option/Style.php": "635236b18dbf492993cd9c5ad0596f3ff88b6aa27a62d9b196632aaf1e2e707e",
    "src/addons/XFMG/Option/Watermark.php": "afced8be26c32d613a1520649c10e463188f7165afdd2198b4304e577756719c",
    "src/addons/XFMG/Permission/CategoryPermissions.php": "8d4d225391edfd8869f060b8ec3c022ab7fe51ef00f04fb4355301f97d6b3e8b",
    "src/addons/XFMG/Pub/Controller/AbstractComment.php": "d1e011aeb99ac469b229302a0f7e8781be653555851c21c9fec719a46cd5f40e",
    "src/addons/XFMG/Pub/Controller/AbstractController.php": "6cb3c71bf462365ee58f78430eb6c4c4f5756deecd124ff6a2dabedfc3a24bde",
    "src/addons/XFMG/Pub/Controller/AbstractRating.php": "f4257d0f011d02e370cb8b2ed79993aac293f620f63c23855486075bbd4fc465",
    "src/addons/XFMG/Pub/Controller/Album.php": "036114c8961d2d5dbf080077a0a5c615bff9798ee6e779a5adfceabd0d8eee81",
    "src/addons/XFMG/Pub/Controller/AlbumComment.php": "f8270ab62b6d31b22cd12c55c5637dd6e27178270c7e59018f9366dc48512cfc",
    "src/addons/XFMG/Pub/Controller/AlbumRating.php": "f12e5634ecead1f72eb519a3367854eef1793a6a6640b86002b8622db641e98e",
    "src/addons/XFMG/Pub/Controller/Category.php": "cfc8ddd4dca9dada8d002e7c0e64274ab9bf8f6024de3286a1dffa630815f493",
    "src/addons/XFMG/Pub/Controller/Comment.php": "de0fb1f05b44c8c7c55f4b4ebc8a42af74aaa5f95af0b4c648ccabdf76c0dad0",
    "src/addons/XFMG/Pub/Controller/Media.php": "2edff709beceb55ceb8c88a958b6b8dceacb1815b2c2ac336c17462007b9ce3f",
    "src/addons/XFMG/Pub/Controller/MediaComment.php": "c6f309c3725b3c2d87a86696e83ae656c05307ed2541d1cfb86f9d535b8ee09a",
    "src/addons/XFMG/Pub/Controller/MediaRating.php": "07052e6b22c2805d960011956d62fd18df675018b553ee3f667e67bdf9fd6b27",
    "src/addons/XFMG/Pub/Controller/WhatsNewComment.php": "5fb6134426b563fcb2b059bd605b194c98c9898070f0577654b61e0517896603",
    "src/addons/XFMG/Pub/Controller/WhatsNewMedia.php": "ee1901f50a8f3dd4915b42c162fb2efeb8b566429d80fad750a101ce58823c63",
    "src/addons/XFMG/Pub/View/Media/Original.php": "7b174f1051d12dc34b4dbc7a4ea590f874418a3ec0ab26a8ba53b2285a4d1da5",
    "src/addons/XFMG/Pub/View/Rss/Index.php": "2b9fda62b3e1caa8bedfdba5f16c113cdf68e98880a2d573fd11a76d26b1722b",
    "src/addons/XFMG/Reaction/Album.php": "460fca4df2a0ece5dd8121f827ff60ad952661cd62861b644f3645af1c11f5ca",
    "src/addons/XFMG/Reaction/Comment.php": "83e18116822532d398b3dea2d82945e5b14c4b8c4703797c38cbc1a54e17c4ed",
    "src/addons/XFMG/Reaction/Media.php": "101a42e41623c410de6e23c49f5a65024add5893369b92e8efa0d117eea963e0",
    "src/addons/XFMG/Report/Album.php": "e7c7f2a68cd981a8591b6257526a629ea3bc721409a8d047bfba016821ebd95c",
    "src/addons/XFMG/Report/Comment.php": "40666fa2d7d5ac6dfa02e5f333298abc45d0d90ee1cf531484e06abc839e3518",
    "src/addons/XFMG/Report/Media.php": "0cd9a0a800abd890734032fa79811fd1f6ea2d59be957705ca4b36efdf3da9c5",
    "src/addons/XFMG/Repository/Album.php": "703ac02b33fde4b88c8b5fcae7c475139ae1116335cf0ee52d51056ed11c661e",
    "src/addons/XFMG/Repository/AlbumWatch.php": "71c0e4a7ccf98b6e391c634edfdf2a444b0e3cab1be7e97528fa0934b42902d1",
    "src/addons/XFMG/Repository/Category.php": "33ca29441b926cf38733acb6e60e4c60faebb975cdef4affec27988b88f580fd",
    "src/addons/XFMG/Repository/CategoryField.php": "f41414466ff6ab59b8ba02078370ea7683700006941a45309c8469f5cfce2379",
    "src/addons/XFMG/Repository/CategoryWatch.php": "e60ecff3dc6e2fd761b820be744b8c3df3336656476901e358094791b93bb8e9",
    "src/addons/XFMG/Repository/Comment.php": "613b196492fb01a850527deacd11b247b11cd00db0efc52ebec5e6a5cf16e105",
    "src/addons/XFMG/Repository/Media.php": "8b0bc18a52ab0bd08ae92f986303c6857befdb26832d05e7027f3e354a9d7a99",
    "src/addons/XFMG/Repository/MediaField.php": "947de5f250b17f984c5500e6ec10d94ba582b6a21ee757da8dea5ae89c70550d",
    "src/addons/XFMG/Repository/MediaNote.php": "74e9b53db1fba4980e10176d0793c3c0ee18e88d2ee7e1e161305986e0d0c83d",
    "src/addons/XFMG/Repository/MediaWatch.php": "1719cff1f7625e4fbbc46b2d9c9ec3c3f2bbf96d3393adb7e5c8f21e774df826",
    "src/addons/XFMG/Repository/Rating.php": "2a07831b0ec3f5bcaf31f8715b9073281489ee767cf4d1f6de2659c58ebb0974",
    "src/addons/XFMG/Search/Data/Album.php": "d0f589003bd3fe028922ce408ee628b47fc5f37ad37f224034ec210cd6c70b25",
    "src/addons/XFMG/Search/Data/Comment.php": "d928a13a46823184252de5f4676ee66f84876c001c0634882a74ea272bc76c96",
    "src/addons/XFMG/Search/Data/Media.php": "c833f73ac278fe69071c73b9fa6a9215bb5d6da15f29b696e0159b99e3e8d9aa",
    "src/addons/XFMG/Searcher/Album.php": "e353989feac6d5d6b46e5e9cec7ad6d6dc62e64e415ef69c8149bcbd938734e0",
    "src/addons/XFMG/Searcher/MediaItem.php": "1c2432a964418046460ab46e667dea7c92ced83a8ed89a6fae2615a6d696a142",
    "src/addons/XFMG/Service/Album/Approver.php": "6b63c0a6fefa76a849658bec9031e9e9891508769155567f22ca1f2a5c387ab7",
    "src/addons/XFMG/Service/Album/Creator.php": "3cfb0bef527619eaed079a52333cb0d52a164917345720345ab36f7071121433",
    "src/addons/XFMG/Service/Album/Deleter.php": "121f428ac20d7eb8bde5aace0a90c5edd17b6c73f0bca150382e62227bf839bd",
    "src/addons/XFMG/Service/Album/Editor.php": "db3057223a630db68bdfa05076cedbf053e5673c60f8d58dd1b3d854f6f0ccba",
    "src/addons/XFMG/Service/Album/Mover.php": "340ff7af0413f301ae846c39083a163a1604ebe1ab177c7464cfdcd5a88be054",
    "src/addons/XFMG/Service/Album/Notifier.php": "ab5bd1b267f30f10d04d10d3d37f0aab14c793a085cd89f430519df21f75b8a2",
    "src/addons/XFMG/Service/Album/Preparer.php": "e9e4d54e5debbcf56d3235f65c73ca88901fee98500f00df4fc655735e15e86f",
    "src/addons/XFMG/Service/Album/SharedUserManager.php": "91860fbe8a382289eff4c93b9c6b34a4b6461281264af319e867b2252d207b64",
    "src/addons/XFMG/Service/Album/ThumbnailGenerator.php": "036cdf81b1cf62472ecb152a3294a4c30354041de771a471a23fd8982dfdeea5",
    "src/addons/XFMG/Service/Comment/Creator.php": "bbf11d025f99ca5b952d6633508be3fd4091e468492966acdd02a647a00b6b91",
    "src/addons/XFMG/Service/Comment/Deleter.php": "47b6a38aca4e18803c2506068d1fc58974c4533284e6328ffd29301f43088f95",
    "src/addons/XFMG/Service/Comment/Editor.php": "0861223788c4c44678ad727dd53b1e19ab94b4226ce8eea71953fb633ad488ee",
    "src/addons/XFMG/Service/Comment/Notifier.php": "f09d5e62f68cb6b150d21c92e3fb9aeae58ef16006151d7186c56aa5f7237797",
    "src/addons/XFMG/Service/Comment/Preparer.php": "3428dbf6369a4eb20c7e212ee6ef0afa522b9395cf794a8bf70311dbeac40a7b",
    "src/addons/XFMG/Service/Media/Approver.php": "0f0ceb6b7a027d5589b00c2a1fc4f4bfa44a3c2260799ff179bc61e00ae86ff9",
    "src/addons/XFMG/Service/Media/Creator.php": "aecf9d7df8774bfd8da1c43fbdafcf6fcf8e7fb6282ace6a331a586bf039ebae",
    "src/addons/XFMG/Service/Media/Deleter.php": "c7bf09444fb1b97cdfb1c646b8fff3d610ec80b126852f42abc56ab4674cb921",
    "src/addons/XFMG/Service/Media/Editor.php": "897be7bc35f3d8b0b815c688a5b6fd842267c6cd7bae31b3de878229ecea7611",
    "src/addons/XFMG/Service/Media/ImageEditor.php": "0424460e0ba7915fbcaec9970bf512b813974818a38d946a3cab6129f83a7fd8",
    "src/addons/XFMG/Service/Media/Mover.php": "edfc3e83b4cefd4db1e0a236414b50903f293d153e353320d38aeaaa4902356d",
    "src/addons/XFMG/Service/Media/MP3Detector.php": "34b4531cd63977a6d64ed87d49c3c4581b2ba5316f2c3133a0e961be595e727e",
    "src/addons/XFMG/Service/Media/Noter.php": "22a2121de4977f1c314fd96ee29cdfb9226b518a5a67f98639e823b1abea36b2",
    "src/addons/XFMG/Service/Media/Notifier.php": "ab2a9c5ea2e277330c92af827e90f107973727ea8d94af20d4bcc0cd45d0e51f",
    "src/addons/XFMG/Service/Media/Preparer.php": "08b8c0196d795483c6d451b35b1797f768d310b81a60e41da3b86c7b2f6b5e60",
    "src/addons/XFMG/Service/Media/TempCreator.php": "baa168e11791bde96aa8c0531dbe01e0a96b72bb9031d1492f36bf72ba0d38dd",
    "src/addons/XFMG/Service/Media/ThumbnailChanger.php": "a55e7d38de3437a40e61e8bacde8ab73aab29fe7759cef6208549155741dd26d",
    "src/addons/XFMG/Service/Media/ThumbnailGenerator.php": "3dbb833113bd69b40b70d80dd3d3ffd7eada0cf396fdacb531325f57093d8930",
    "src/addons/XFMG/Service/Media/TranscodeEnqueuer.php": "a930eabc9c706b8cc5ce5963445d0229e2397afa9f0b3a7a5bd43aaa20a468e7",
    "src/addons/XFMG/Service/Media/Transcoder.php": "5cebc6f63544c6be8c45ccb25d20b3d86973642d57966adcc09d6894f4e21e7d",
    "src/addons/XFMG/Service/Media/Watermarker.php": "1359e14b830d982171ac80e07161f5bbec122b459cfe155f501131684a497478",
    "src/addons/XFMG/Service/Rating/Rater.php": "26715d80b3a900ae1ced8127e531d14ba699b83e95fbf300d50d54b774bdbaf4",
    "src/addons/XFMG/Setup.php": "ebcd3054683e4ab387c5710564bc25a0662b0fa78f30cb0c1303efda65c7ecaf",
    "src/addons/XFMG/Sitemap/Album.php": "44dca0615e0946f162b717a122461b56a80fd80467c678da91f08d45e8877a59",
    "src/addons/XFMG/Sitemap/Category.php": "22e7b534e7c433258b87e65b030ec6e75654186e6394041f2882734b1f5b095c",
    "src/addons/XFMG/Sitemap/Media.php": "7d6cacca3dc40764f4a1fe3cd98a4596a57b4ef2cd1996cf91f329dd0319b5f8",
    "src/addons/XFMG/Sitemap/UserAlbum.php": "10dd4025598a78248d7775f25943589041e7823a542d1474704b2150665a45b7",
    "src/addons/XFMG/Sitemap/UserMedia.php": "364ff73f48e4a14c6e0fbe91674db866199df2c7f6a00a2f7073094cf23c6fd6",
    "src/addons/XFMG/Spam/Cleaner/Album.php": "541f8bf41321ce2680e64b8371c8bce50dc15689c5e8de8efe03175b46eb00aa",
    "src/addons/XFMG/Spam/Cleaner/Comment.php": "d3f36fb5440fb3a74c9472311445747cf8a58f985b1fa320580c9985eb017622",
    "src/addons/XFMG/Spam/Cleaner/Media.php": "6310c2274cf2ff5cd392a73dbd4a82d7cc0a1a62f477a5cf420c063e7f62bc6f",
    "src/addons/XFMG/Stats/Album.php": "5f788443c498708661f545945b6620946a52a87919993ec7dc3c993d53efd914",
    "src/addons/XFMG/Stats/Comment.php": "a6e445fd7df6c569a276dc1be00dff0bb56eea2d26730ae27db6544114a0ce32",
    "src/addons/XFMG/Stats/Media.php": "de4e6ff3d9374db98c9af09f53594accb44d832d51893e34de593af14007938e",
    "src/addons/XFMG/Tag/Media.php": "90a5d95145d15404ce7a40dd056762487fcd96c0216f0dde67a27c5882685099",
    "src/addons/XFMG/Template/TemplaterSetup.php": "11795eb08d6d58de03a813ae3ca2f91fc4d64e2eaa9ea7bbc67495b94d84598f",
    "src/addons/XFMG/Validator/Ffmpeg.php": "1faac06e5ce46c24e0c9294bc2f1f58cfd59da5b9d31bac58ec51d48d92ea176",
    "src/addons/XFMG/VideoInfo/Box/AbstractBox.php": "6220f96fd5cb0e2db4670707160d52cb79428d460c440863855c4bc269262e75",
    "src/addons/XFMG/VideoInfo/Box/Container.php": "1cfc69ddfed6f41fe4fea23237cec0365048669b44a3e109fcc2b217ed3b2198",
    "src/addons/XFMG/VideoInfo/Box/Stsd.php": "95888f113a582c4ecf4c8f6cf5ce60eac592ac085f86ee6ac6523f774a7000cf",
    "src/addons/XFMG/VideoInfo/COPYING.LESSER": "32b1062f7da84967e7019d01ab805935caa7ab7321a7ced0e30ebe75e5df1670",
    "src/addons/XFMG/VideoInfo/Preparer.php": "bd5700116ef70631cd1cd83c96c98a96877434fd109d498f658941f63c40f3f1",
    "src/addons/XFMG/VideoInfo/Result.php": "477deafe7727e7b2ac1f876563d4d0b2639341c83603761192d6a329b20eb9da",
    "src/addons/XFMG/Warning/Album.php": "d5afe884c0016e6ea7ef3fd80e67f751a7a8f00de7c14e39fb248a9c3c17c706",
    "src/addons/XFMG/Warning/Comment.php": "306c5d8e4eb0b741cb3edc0d68c73be2418c69f670dedaa8d5b83f8c441e5c4b",
    "src/addons/XFMG/Warning/Media.php": "cdcab35c98546a2c59ff2c94890dca3cfa8603cfbd8df06c4270d21a8eab8995",
    "src/addons/XFMG/Widget/AlbumSlider.php": "c4c15a3cd1dad7a25b0c0edd9dfbcd8a87c47cd06a558e2c81c1e343f807a55c",
    "src/addons/XFMG/Widget/GalleryStatistics.php": "a9ed258f86beafb1e5981e7a14fb4a9160a796e615dd9bc7a17183f508bcbac5",
    "src/addons/XFMG/Widget/LatestComments.php": "6f0611239887bfcf7e66e051e6c1d44f222dd5c8c5e600a923302ac6a5122de8",
    "src/addons/XFMG/Widget/MediaSlider.php": "3494affb03e54af86cbe0901b3d71adbeea368b4572403b1cb5cc0b55579ebb8",
    "src/addons/XFMG/XF/BbCode/ProcessorAction/AnalyzeUsage.php": "32446c31137476e41f6ea905a45a044fe0d68d8be934aa699221f9a76083d599",
    "src/addons/XFMG/XF/Entity/Post.php": "808bc6891746c91f38c7744d623e66b4d019c59e8f00a8ee3482a397e6b34b9e",
    "src/addons/XFMG/XF/Entity/User.php": "7b57b215ceff48474ca1a847a759ad3d97788bb417629c33ce872827b3bb98c5",
    "src/addons/XFMG/XF/Pub/Controller/GotoPage.php": "068f4181c46fc2421fc199a8d387825cd265b9df0135e424c0f4825629b06f5c",
    "src/addons/XFMG/XF/Pub/Controller/Thread.php": "a2b8ca74e2d5bcf43e30cab1fd17a822c2009bb946f9d86fb6faedce1f659d2b",
    "src/addons/XFMG/XF/Pub/Controller/Watched.php": "3b44e12abcc6c4a66e0250c0656656c3f6ad589d52f167c0533b799d9ed7316f",
    "src/addons/XFMG/XF/Service/Message/Preparer.php": "f2701fae449b0343f8e923e81181e9a2e8ff2e6d8fb3b1f02bec6013fd27a45c",
    "src/addons/XFMG/_data/activity_summary_definitions.xml": "99d8c2563a31320d66f958fc8bda78613545f5f7959bb3cf5318805e3a3c39d2",
    "src/addons/XFMG/_data/admin_navigation.xml": "5cbf81aa5aa33678e132d0d71821263a261d57f6fe812f58b8da085b0d3332af",
    "src/addons/XFMG/_data/admin_permission.xml": "f93a1033499f81c09132f4f2c65a12feb244a2ff7fbc92feaf4e0fc3810b4ca0",
    "src/addons/XFMG/_data/advertising_positions.xml": "d2f7cbe844bb1df3cf878d22ff6306249245c8ff6b0b87b9b729744bec538261",
    "src/addons/XFMG/_data/api_scopes.xml": "9da6bd69917e270b02ed9ef23ed59da67c2ffa4afb0999931bcf0e0f65ee6113",
    "src/addons/XFMG/_data/bb_codes.xml": "b91d3be12cb189a0dc8b5df81614103db730c0b372187aedf1ccd208d7374547",
    "src/addons/XFMG/_data/bb_code_media_sites.xml": "29762987990187b33e43cfb68c08dc917b2d3f0176613d78f8e6c453f82da3f3",
    "src/addons/XFMG/_data/class_extensions.xml": "8f74fd6ce091473f6c52b60b6fbceca80010ce62d5270e6da463b070ac9faac1",
    "src/addons/XFMG/_data/code_events.xml": "1ae12d2906027af40a4580fc9876ffcd1f1f843689b590669829131345476312",
    "src/addons/XFMG/_data/code_event_listeners.xml": "0d8af14fb1af583e17b1ffb31aa92abcdc68e4200409fab6dfe2833164f29158",
    "src/addons/XFMG/_data/content_type_fields.xml": "16c3c54aed37d4d3d8c087e14e35a3b7af1c8b517261eed63f193105fec11a81",
    "src/addons/XFMG/_data/cron.xml": "1ca02c3c17bed5b79b4b62355ab749e1b341e66bb5063d394049f17c6b3919c6",
    "src/addons/XFMG/_data/help_pages.xml": "a8a0c0b06cdc550438bc8a8d385af3e1e5ab3459877dfb934c1c31be59c89163",
    "src/addons/XFMG/_data/member_stats.xml": "209320cf8a0669aa547312ca6bb83517fbfdcbd08e1d4295a51594b95a601757",
    "src/addons/XFMG/_data/navigation.xml": "b93c1818efc5e656c2ce8b6e4e30d8f48cd6b65a04e2f778f9a5cb4ac7d4755f",
    "src/addons/XFMG/_data/options.xml": "1e18a86dbcffbda9f97244161e4fcbcbaffe500260f4358eb6b237d2d9403d1d",
    "src/addons/XFMG/_data/option_groups.xml": "b7f1e15243a09079bd9cdf90fc8c1a27b1c5fe1a1545dee0b6d86b34613d5365",
    "src/addons/XFMG/_data/permissions.xml": "fa90d769d753acecdffdd433e00c8c0faa9c9693ad1caa7a3d1672f40754749a",
    "src/addons/XFMG/_data/permission_interface_groups.xml": "27fddd597b917a02d90a2356feb46ce4f3f4b768b44c17aa12a854cb18bee387",
    "src/addons/XFMG/_data/phrases.xml": "967ef4e6669ced719b85e05bfad8fd10c7b1f0a8279ac2653af987ee492cc7f9",
    "src/addons/XFMG/_data/routes.xml": "c16a86f40db484d788f47959422c80461352eed8878c752429edcac646cd57cc",
    "src/addons/XFMG/_data/style_properties.xml": "8ffd53746327a014a29c252b81acda7d851db83d0aac0ea03ce8b7ff3ea14465",
    "src/addons/XFMG/_data/style_property_groups.xml": "5048559a2618c97387d34433a3fb26635f06f9eb6c2edee64a3abd99481952c1",
    "src/addons/XFMG/_data/templates.xml": "95a62bed61c1c3edd571ee2c3e6fb298bb054128196339596af34b8092c1700a",
    "src/addons/XFMG/_data/template_modifications.xml": "fb8ecbdcacd4485ebad0d3981cafbb43a7f66278d500857cd6a82491b3df592b",
    "src/addons/XFMG/_data/widget_definitions.xml": "7f4e08ce3a0ff5a389193da2960de9d1db79cff52f03dc1d30863bb061a11a92",
    "src/addons/XFMG/_data/widget_positions.xml": "372c530c554aeef71c5de36ce3568ce115eceebf904bc082c689a367ae388355"
}