<?xml version="1.0" encoding="utf-8"?>
<templates>
  <template type="public" title="fs_email_delete_confirm" version_id="1000010" version_string="1.0.0 Alpha"><![CDATA[<xf:title>{{ phrase('confirm_action') }}</xf:title>

<xf:form action="{$confirmUrl}" ajax="true" class="block">
	<div class="block-container">
		<div class="block-body">
			<xf:inforow rowtype="confirm">
				{{ phrase('please_confirm_that_you_want_to_delete_following:') }}
				<xf:if is="$contentUrl">
					<strong><a href="{$contentUrl}">{$contentTitle}</a></strong>
				<xf:else />
					<strong>{$contentTitle}</strong>
				</xf:if>
			</xf:inforow>
		</div>
		<xf:submitrow rowtype="simple" icon="delete" />
	</div>
</xf:form>]]></template>
</templates>
