<?xml version="1.0" encoding="utf-8"?>
<content_type_fields>
  <field content_type="xfmg_album" field_name="alert_handler_class">XFMG\Alert\Album</field>
  <field content_type="xfmg_album" field_name="approval_queue_handler_class">XFMG\ApprovalQueue\Album</field>
  <field content_type="xfmg_album" field_name="bookmark_handler_class">XFMG\Bookmark\Album</field>
  <field content_type="xfmg_album" field_name="email_stop_class">XFMG\EmailStop\Album</field>
  <field content_type="xfmg_album" field_name="entity">XFMG:Album</field>
  <field content_type="xfmg_album" field_name="inline_mod_handler_class">XFMG\InlineMod\Album</field>
  <field content_type="xfmg_album" field_name="moderator_log_handler_class">XFMG\ModeratorLog\Album</field>
  <field content_type="xfmg_album" field_name="news_feed_handler_class">XFMG\NewsFeed\Album</field>
  <field content_type="xfmg_album" field_name="reaction_handler_class">XFMG\Reaction\Album</field>
  <field content_type="xfmg_album" field_name="report_handler_class">XFMG\Report\Album</field>
  <field content_type="xfmg_album" field_name="search_handler_class">XFMG\Search\Data\Album</field>
  <field content_type="xfmg_album" field_name="sitemap_handler_class">XFMG\Sitemap\Album</field>
  <field content_type="xfmg_album" field_name="spam_handler_class">XFMG\Spam\Cleaner\Album</field>
  <field content_type="xfmg_album" field_name="stats_handler_class">XFMG\Stats\Album</field>
  <field content_type="xfmg_album" field_name="warning_handler_class">XFMG\Warning\Album</field>
  <field content_type="xfmg_category" field_name="email_stop_class">XFMG\EmailStop\Category</field>
  <field content_type="xfmg_category" field_name="permission_handler_class">XFMG\Permission\CategoryPermissions</field>
  <field content_type="xfmg_category" field_name="sitemap_handler_class">XFMG\Sitemap\Category</field>
  <field content_type="xfmg_comment" field_name="alert_handler_class">XFMG\Alert\Comment</field>
  <field content_type="xfmg_comment" field_name="approval_queue_handler_class">XFMG\ApprovalQueue\Comment</field>
  <field content_type="xfmg_comment" field_name="edit_history_handler_class">XFMG\EditHistory\Comment</field>
  <field content_type="xfmg_comment" field_name="entity">XFMG:Comment</field>
  <field content_type="xfmg_comment" field_name="find_new_handler_class">XFMG\FindNew\MediaComment</field>
  <field content_type="xfmg_comment" field_name="inline_mod_handler_class">XFMG\InlineMod\Comment</field>
  <field content_type="xfmg_comment" field_name="moderator_log_handler_class">XFMG\ModeratorLog\Comment</field>
  <field content_type="xfmg_comment" field_name="news_feed_handler_class">XFMG\NewsFeed\Comment</field>
  <field content_type="xfmg_comment" field_name="reaction_handler_class">XFMG\Reaction\Comment</field>
  <field content_type="xfmg_comment" field_name="report_handler_class">XFMG\Report\Comment</field>
  <field content_type="xfmg_comment" field_name="search_handler_class">XFMG\Search\Data\Comment</field>
  <field content_type="xfmg_comment" field_name="spam_handler_class">XFMG\Spam\Cleaner\Comment</field>
  <field content_type="xfmg_comment" field_name="stats_handler_class">XFMG\Stats\Comment</field>
  <field content_type="xfmg_comment" field_name="warning_handler_class">XFMG\Warning\Comment</field>
  <field content_type="xfmg_media" field_name="alert_handler_class">XFMG\Alert\Media</field>
  <field content_type="xfmg_media" field_name="approval_queue_handler_class">XFMG\ApprovalQueue\Media</field>
  <field content_type="xfmg_media" field_name="attachment_handler_class">XFMG\Attachment\Media</field>
  <field content_type="xfmg_media" field_name="bookmark_handler_class">XFMG\Bookmark\Media</field>
  <field content_type="xfmg_media" field_name="email_stop_class">XFMG\EmailStop\Media</field>
  <field content_type="xfmg_media" field_name="entity">XFMG:MediaItem</field>
  <field content_type="xfmg_media" field_name="find_new_handler_class">XFMG\FindNew\Media</field>
  <field content_type="xfmg_media" field_name="inline_mod_handler_class">XFMG\InlineMod\Media</field>
  <field content_type="xfmg_media" field_name="moderator_log_handler_class">XFMG\ModeratorLog\Media</field>
  <field content_type="xfmg_media" field_name="news_feed_handler_class">XFMG\NewsFeed\MediaItem</field>
  <field content_type="xfmg_media" field_name="phrase">xfmg_media_item</field>
  <field content_type="xfmg_media" field_name="phrase_plural">xfmg_media_items</field>
  <field content_type="xfmg_media" field_name="reaction_handler_class">XFMG\Reaction\Media</field>
  <field content_type="xfmg_media" field_name="report_handler_class">XFMG\Report\Media</field>
  <field content_type="xfmg_media" field_name="search_handler_class">XFMG\Search\Data\Media</field>
  <field content_type="xfmg_media" field_name="sitemap_handler_class">XFMG\Sitemap\Media</field>
  <field content_type="xfmg_media" field_name="spam_handler_class">XFMG\Spam\Cleaner\Media</field>
  <field content_type="xfmg_media" field_name="stats_handler_class">XFMG\Stats\Media</field>
  <field content_type="xfmg_media" field_name="tag_handler_class">XFMG\Tag\Media</field>
  <field content_type="xfmg_media" field_name="warning_handler_class">XFMG\Warning\Media</field>
  <field content_type="xfmg_media_note" field_name="alert_handler_class">XFMG\Alert\MediaNote</field>
  <field content_type="xfmg_media_note" field_name="entity">XFMG:MediaNote</field>
  <field content_type="xfmg_rating" field_name="alert_handler_class">XFMG\Alert\Rating</field>
  <field content_type="xfmg_rating" field_name="entity">XFMG:Rating</field>
  <field content_type="xfmg_rating" field_name="news_feed_handler_class">XFMG\NewsFeed\Rating</field>
  <field content_type="xfmg_user_album_index" field_name="phrase_plural">xfmg_user_album_indexes</field>
  <field content_type="xfmg_user_album_index" field_name="sitemap_handler_class">XFMG\Sitemap\UserAlbum</field>
  <field content_type="xfmg_user_media_index" field_name="phrase_plural">xfmg_user_media_indexes</field>
  <field content_type="xfmg_user_media_index" field_name="sitemap_handler_class">XFMG\Sitemap\UserMedia</field>
</content_type_fields>
