<?xml version="1.0" encoding="utf-8"?>
<navigation>
  <navigation_entry navigation_id="xfmg" display_order="400" navigation_type_id="basic" enabled="1"><![CDATA[{"link":"{{ link('media') }}","display_condition":"$xf.visitor.canViewMedia()","extra_attributes":[]}]]></navigation_entry>
  <navigation_entry navigation_id="xfmgAddMedia" parent_navigation_id="xfmg" display_order="300" navigation_type_id="basic" enabled="1"><![CDATA[{"link":"{{ link('media\/add') }}","display_condition":"$xf.visitor.canAddMedia()","extra_attributes":{"data-xf-click":"overlay"}}]]></navigation_entry>
  <navigation_entry navigation_id="xfmgMarkViewed" parent_navigation_id="xfmg" display_order="700" navigation_type_id="basic" enabled="1"><![CDATA[{"link":"{{ link('media\/mark-viewed', null, {'date': $xf.time}) }}","display_condition":"$xf.visitor.user_id","extra_attributes":{"data-xf-click":"overlay"}}]]></navigation_entry>
  <navigation_entry navigation_id="xfmgNewComments" parent_navigation_id="xfmg" display_order="200" navigation_type_id="basic" enabled="1"><![CDATA[{"link":"{{ link('whats-new\/media-comments') }}","display_condition":"","extra_attributes":{"rel":"nofollow"}}]]></navigation_entry>
  <navigation_entry navigation_id="xfmgNewMedia" parent_navigation_id="xfmg" display_order="100" navigation_type_id="basic" enabled="1"><![CDATA[{"link":"{{ link('whats-new\/media') }}","display_condition":"","extra_attributes":{"rel":"nofollow"}}]]></navigation_entry>
  <navigation_entry navigation_id="xfmgSearchMedia" parent_navigation_id="xfmg" display_order="600" navigation_type_id="basic" enabled="1"><![CDATA[{"link":"{{ link('search', null, {'type': 'xfmg_media'}) }}","display_condition":"$xf.visitor.canSearch()","extra_attributes":[]}]]></navigation_entry>
  <navigation_entry navigation_id="xfmgWatchedAlbums" parent_navigation_id="xfmgWatchedContent" display_order="200" navigation_type_id="basic" enabled="1"><![CDATA[{"link":"{{ link('watched\/media-albums') }}","display_condition":"$xf.visitor.user_id","extra_attributes":[]}]]></navigation_entry>
  <navigation_entry navigation_id="xfmgWatchedCategories" parent_navigation_id="xfmgWatchedContent" display_order="300" navigation_type_id="basic" enabled="1"><![CDATA[{"link":"{{ link('watched\/media-categories') }}","display_condition":"$xf.visitor.user_id","extra_attributes":[]}]]></navigation_entry>
  <navigation_entry navigation_id="xfmgWatchedContent" parent_navigation_id="xfmg" display_order="500" navigation_type_id="basic" enabled="1"><![CDATA[{"link":"{{ link('watched\/media') }}","display_condition":"$xf.visitor.user_id","extra_attributes":[]}]]></navigation_entry>
  <navigation_entry navigation_id="xfmgWatchedMedia" parent_navigation_id="xfmgWatchedContent" display_order="100" navigation_type_id="basic" enabled="1"><![CDATA[{"link":"{{ link('watched\/media') }}","display_condition":"$xf.visitor.user_id","extra_attributes":[]}]]></navigation_entry>
  <navigation_entry navigation_id="xfmgWhatsNewMediaComments" parent_navigation_id="whatsNew" display_order="300" navigation_type_id="basic" enabled="1"><![CDATA[{"link":"{{ link('whats-new\/media-comments') }}","display_condition":"$xf.visitor.canViewMedia()","extra_attributes":{"rel":"nofollow"}}]]></navigation_entry>
  <navigation_entry navigation_id="xfmgWhatsNewNewMedia" parent_navigation_id="whatsNew" display_order="200" navigation_type_id="basic" enabled="1"><![CDATA[{"link":"{{ link('whats-new\/media') }}","display_condition":"$xf.visitor.canViewMedia()","extra_attributes":{"rel":"nofollow"}}]]></navigation_entry>
  <navigation_entry navigation_id="xfmgYourAlbums" parent_navigation_id="xfmgYourContent" display_order="200" navigation_type_id="basic" enabled="1"><![CDATA[{"link":"{{ link('media\/albums\/users', $xf.visitor) }}","display_condition":"$xf.visitor.user_id","extra_attributes":[]}]]></navigation_entry>
  <navigation_entry navigation_id="xfmgYourContent" parent_navigation_id="xfmg" display_order="400" navigation_type_id="basic" enabled="1"><![CDATA[{"link":"{{ link('media\/users', $xf.visitor) }}","display_condition":"$xf.visitor.user_id","extra_attributes":[]}]]></navigation_entry>
  <navigation_entry navigation_id="xfmgYourMedia" parent_navigation_id="xfmgYourContent" display_order="100" navigation_type_id="basic" enabled="1"><![CDATA[{"link":"{{ link('media\/users', $xf.visitor) }}","display_condition":"$xf.visitor.user_id","extra_attributes":[]}]]></navigation_entry>
</navigation>
