<?xml version="1.0" encoding="utf-8"?>
<permissions>
  <permission permission_group_id="xfmg" permission_id="add" permission_type="flag" interface_group_id="xfmgMedia" display_order="20"/>
  <permission permission_group_id="xfmg" permission_id="addAudio" permission_type="flag" interface_group_id="xfmgAlbum" display_order="40"/>
  <permission permission_group_id="xfmg" permission_id="addComment" permission_type="flag" interface_group_id="xfmgComment" display_order="20"/>
  <permission permission_group_id="xfmg" permission_id="addEmbed" permission_type="flag" interface_group_id="xfmgAlbum" display_order="50"/>
  <permission permission_group_id="xfmg" permission_id="addImage" permission_type="flag" interface_group_id="xfmgAlbum" display_order="20"/>
  <permission permission_group_id="xfmg" permission_id="addNoteAny" permission_type="flag" interface_group_id="xfmgNote" display_order="40"/>
  <permission permission_group_id="xfmg" permission_id="addNoteOwn" permission_type="flag" interface_group_id="xfmgNote" display_order="30"/>
  <permission permission_group_id="xfmg" permission_id="addVideo" permission_type="flag" interface_group_id="xfmgAlbum" display_order="30"/>
  <permission permission_group_id="xfmg" permission_id="addWithoutApproval" permission_type="flag" interface_group_id="xfmgMedia" display_order="30"/>
  <permission permission_group_id="xfmg" permission_id="addWithoutWatermark" permission_type="flag" interface_group_id="xfmgMedia" display_order="130"/>
  <permission permission_group_id="xfmg" permission_id="approveUnapprove" permission_type="flag" interface_group_id="xfmgMediaModerator" display_order="40"/>
  <permission permission_group_id="xfmg" permission_id="approveUnapproveAlbum" permission_type="flag" interface_group_id="xfmgAlbumModerator" display_order="40"/>
  <permission permission_group_id="xfmg" permission_id="approveUnapproveComment" permission_type="flag" interface_group_id="xfmgCommentModerator" display_order="40"/>
  <permission permission_group_id="xfmg" permission_id="bypassPrivacy" permission_type="flag" interface_group_id="xfmgAlbumModerator" display_order="1"/>
  <permission permission_group_id="xfmg" permission_id="changePrivacyAnyAlbum" permission_type="flag" interface_group_id="xfmgAlbumModerator" display_order="90"/>
  <permission permission_group_id="xfmg" permission_id="changePrivacyOwnAlbum" permission_type="flag" interface_group_id="xfmgAlbum" display_order="100"/>
  <permission permission_group_id="xfmg" permission_id="createAlbum" permission_type="flag" interface_group_id="xfmgAlbum" display_order="10"/>
  <permission permission_group_id="xfmg" permission_id="deleteAny" permission_type="flag" interface_group_id="xfmgMediaModerator" display_order="50"/>
  <permission permission_group_id="xfmg" permission_id="deleteAnyAlbum" permission_type="flag" interface_group_id="xfmgAlbumModerator" display_order="50"/>
  <permission permission_group_id="xfmg" permission_id="deleteAnyComment" permission_type="flag" interface_group_id="xfmgCommentModerator" display_order="50"/>
  <permission permission_group_id="xfmg" permission_id="deleteAnyNote" permission_type="flag" interface_group_id="xfmgNoteModerator" display_order="30"/>
  <permission permission_group_id="xfmg" permission_id="deleteComment" permission_type="flag" interface_group_id="xfmgComment" display_order="30"/>
  <permission permission_group_id="xfmg" permission_id="deleteOwn" permission_type="flag" interface_group_id="xfmgMedia" display_order="40"/>
  <permission permission_group_id="xfmg" permission_id="deleteOwnAlbum" permission_type="flag" interface_group_id="xfmgAlbum" display_order="60"/>
  <permission permission_group_id="xfmg" permission_id="deleteOwnNote" permission_type="flag" interface_group_id="xfmgNote" display_order="60"/>
  <permission permission_group_id="xfmg" permission_id="deleteTagSelf" permission_type="flag" interface_group_id="xfmgNote" display_order="50"/>
  <permission permission_group_id="xfmg" permission_id="editAny" permission_type="flag" interface_group_id="xfmgMediaModerator" display_order="70"/>
  <permission permission_group_id="xfmg" permission_id="editAnyAlbum" permission_type="flag" interface_group_id="xfmgAlbumModerator" display_order="70"/>
  <permission permission_group_id="xfmg" permission_id="editAnyComment" permission_type="flag" interface_group_id="xfmgCommentModerator" display_order="70"/>
  <permission permission_group_id="xfmg" permission_id="editComment" permission_type="flag" interface_group_id="xfmgComment" display_order="40"/>
  <permission permission_group_id="xfmg" permission_id="editNoteAny" permission_type="flag" interface_group_id="xfmgNoteModerator" display_order="20"/>
  <permission permission_group_id="xfmg" permission_id="editOwn" permission_type="flag" interface_group_id="xfmgMedia" display_order="50"/>
  <permission permission_group_id="xfmg" permission_id="editOwnAlbum" permission_type="flag" interface_group_id="xfmgAlbum" display_order="70"/>
  <permission permission_group_id="xfmg" permission_id="editOwnAlbumTimeLimit" permission_type="integer" interface_group_id="xfmgAlbum" display_order="80"/>
  <permission permission_group_id="xfmg" permission_id="editOwnCommentTimeLimit" permission_type="integer" interface_group_id="xfmgComment" display_order="50"/>
  <permission permission_group_id="xfmg" permission_id="editOwnMediaTimeLimit" permission_type="integer" interface_group_id="xfmgMedia" display_order="60"/>
  <permission permission_group_id="xfmg" permission_id="hardDeleteAny" permission_type="flag" interface_group_id="xfmgMediaModerator" display_order="60"/>
  <permission permission_group_id="xfmg" permission_id="hardDeleteAnyAlbum" permission_type="flag" interface_group_id="xfmgAlbumModerator" display_order="60"/>
  <permission permission_group_id="xfmg" permission_id="hardDeleteAnyComment" permission_type="flag" interface_group_id="xfmgCommentModerator" display_order="60"/>
  <permission permission_group_id="xfmg" permission_id="inlineMod" permission_type="flag" interface_group_id="xfmgMediaModerator" display_order="5"/>
  <permission permission_group_id="xfmg" permission_id="inlineModAlbum" permission_type="flag" interface_group_id="xfmgAlbumModerator" display_order="5"/>
  <permission permission_group_id="xfmg" permission_id="inlineModComment" permission_type="flag" interface_group_id="xfmgCommentModerator" display_order="5"/>
  <permission permission_group_id="xfmg" permission_id="manageAnyTag" permission_type="flag" interface_group_id="xfmgMediaModerator" display_order="90"/>
  <permission permission_group_id="xfmg" permission_id="manageOthersTagsOwnMedia" permission_type="flag" interface_group_id="xfmgMedia" display_order="120"/>
  <permission permission_group_id="xfmg" permission_id="maxFileSize" permission_type="integer" interface_group_id="xfmgUploadQuotas" display_order="20"/>
  <permission permission_group_id="xfmg" permission_id="maxImageHeight" permission_type="integer" interface_group_id="xfmgUploadQuotas" display_order="40"/>
  <permission permission_group_id="xfmg" permission_id="maxImageWidth" permission_type="integer" interface_group_id="xfmgUploadQuotas" display_order="30"/>
  <permission permission_group_id="xfmg" permission_id="moveAny" permission_type="flag" interface_group_id="xfmgMediaModerator" display_order="80"/>
  <permission permission_group_id="xfmg" permission_id="moveAnyAlbum" permission_type="flag" interface_group_id="xfmgAlbumModerator" display_order="80"/>
  <permission permission_group_id="xfmg" permission_id="moveOwn" permission_type="flag" interface_group_id="xfmgMedia" display_order="70"/>
  <permission permission_group_id="xfmg" permission_id="moveOwnAlbum" permission_type="flag" interface_group_id="xfmgAlbum" display_order="90"/>
  <permission permission_group_id="xfmg" permission_id="rate" permission_type="flag" interface_group_id="xfmgMedia" display_order="90"/>
  <permission permission_group_id="xfmg" permission_id="rateAlbum" permission_type="flag" interface_group_id="xfmgAlbum" display_order="120"/>
  <permission permission_group_id="xfmg" permission_id="react" permission_type="flag" interface_group_id="xfmgMedia" display_order="80"/>
  <permission permission_group_id="xfmg" permission_id="reactAlbum" permission_type="flag" interface_group_id="xfmgAlbum" display_order="110"/>
  <permission permission_group_id="xfmg" permission_id="reactComment" permission_type="flag" interface_group_id="xfmgComment" display_order="60"/>
  <permission permission_group_id="xfmg" permission_id="tagAnyMedia" permission_type="flag" interface_group_id="xfmgMedia" display_order="110"/>
  <permission permission_group_id="xfmg" permission_id="tagOwnMedia" permission_type="flag" interface_group_id="xfmgMedia" display_order="100"/>
  <permission permission_group_id="xfmg" permission_id="tagSelf" permission_type="flag" interface_group_id="xfmgNote" display_order="20"/>
  <permission permission_group_id="xfmg" permission_id="tagWithoutApproval" permission_type="flag" interface_group_id="xfmgNoteModerator" display_order="40"/>
  <permission permission_group_id="xfmg" permission_id="undelete" permission_type="flag" interface_group_id="xfmgMediaModerator" display_order="30"/>
  <permission permission_group_id="xfmg" permission_id="undeleteAlbum" permission_type="flag" interface_group_id="xfmgAlbumModerator" display_order="30"/>
  <permission permission_group_id="xfmg" permission_id="undeleteComment" permission_type="flag" interface_group_id="xfmgCommentModerator" display_order="30"/>
  <permission permission_group_id="xfmg" permission_id="view" permission_type="flag" interface_group_id="xfmgMedia" display_order="10"/>
  <permission permission_group_id="xfmg" permission_id="viewComments" permission_type="flag" interface_group_id="xfmgComment" display_order="10"/>
  <permission permission_group_id="xfmg" permission_id="viewDeleted" permission_type="flag" interface_group_id="xfmgMediaModerator" display_order="10"/>
  <permission permission_group_id="xfmg" permission_id="viewDeletedAlbums" permission_type="flag" interface_group_id="xfmgAlbumModerator" display_order="10"/>
  <permission permission_group_id="xfmg" permission_id="viewDeletedComments" permission_type="flag" interface_group_id="xfmgCommentModerator" display_order="10"/>
  <permission permission_group_id="xfmg" permission_id="viewModerated" permission_type="flag" interface_group_id="xfmgMediaModerator" display_order="20"/>
  <permission permission_group_id="xfmg" permission_id="viewModeratedAlbums" permission_type="flag" interface_group_id="xfmgAlbumModerator" display_order="20"/>
  <permission permission_group_id="xfmg" permission_id="viewModeratedComments" permission_type="flag" interface_group_id="xfmgCommentModerator" display_order="20"/>
  <permission permission_group_id="xfmg" permission_id="viewNote" permission_type="flag" interface_group_id="xfmgNote" display_order="10"/>
  <permission permission_group_id="xfmg" permission_id="viewPendingNote" permission_type="flag" interface_group_id="xfmgNoteModerator" display_order="10"/>
  <permission permission_group_id="xfmg" permission_id="warn" permission_type="flag" interface_group_id="xfmgMediaModerator" display_order="100"/>
  <permission permission_group_id="xfmg" permission_id="warnAlbum" permission_type="flag" interface_group_id="xfmgAlbumModerator" display_order="100"/>
  <permission permission_group_id="xfmg" permission_id="warnComment" permission_type="flag" interface_group_id="xfmgCommentModerator" display_order="80"/>
  <permission permission_group_id="xfmg" permission_id="watermarkAny" permission_type="flag" interface_group_id="xfmgMediaModerator" display_order="110"/>
  <permission permission_group_id="xfmg" permission_id="watermarkOwn" permission_type="flag" interface_group_id="xfmgMedia" display_order="140"/>
  <permission permission_group_id="xfmgStorage" permission_id="maxAllowedStorage" permission_type="integer" interface_group_id="xfmgUploadQuotas" display_order="10"/>
</permissions>
