{
    "src/addons/nick97/TraktIntegration/addon.json": "dd330704392185e7b4bf5f5e38ecc45b9f1dfb02c9bc922d729428e6473e5d83",
    "src/addons/nick97/TraktIntegration/Entity/TraktMovSlug.php": "90058b07d2c041efb58336e9819a910362d4a12cd62b085dfafc8510d23ad046",
    "src/addons/nick97/TraktIntegration/Entity/TraktTVSlug.php": "2d903286c23dfcfb09732614b7995326d9c0b406bd776e6d316d52904229471b",
    "src/addons/nick97/TraktIntegration/Helper/Tmdb.php": "2acdb99f8e5209c81de231329b8334308fefd62743f37bf8d5cd6824659f629b",
    "src/addons/nick97/TraktIntegration/Helper/Tmdb/Show.php": "e14341e06e9b3a6ba3a1c756a4dea65bcdae8adcd2a9894742c2b86af1b2cc8f",
    "src/addons/nick97/TraktIntegration/Pub/Controller/Movies.php": "1c20b07950d3a6982a33d7a3474e08da502033c5a6dd902b41bc5b4b2987253f",
    "src/addons/nick97/TraktIntegration/Pub/Controller/TV.php": "7319a0816192766e3545ae62b2e180cfba7670c23c66f2c9b4c1a605a2488301",
    "src/addons/nick97/TraktIntegration/Service/Movie/Creator.php": "13a7d6174cba6021bdb692ceb0677ebb93a63b9087e8702786e7a14c48cf74ad",
    "src/addons/nick97/TraktIntegration/Service/Thread/TypeData/MovieCreator.php": "50d29ee77525e9807fbabd734f688678b98fc0ab4e2aa6cdc5e7c4312bd39748",
    "src/addons/nick97/TraktIntegration/Service/Thread/TypeData/TvCreator.php": "bec425d220024ede8ae4a27f388c14ac402a7d9e6f893b4a6d5579b876042cc1",
    "src/addons/nick97/TraktIntegration/Service/TV/Creator.php": "ec701460405a79e967fb3731455cd2cb2bd4fd66c0c2eae1300778b5944a3cb8",
    "src/addons/nick97/TraktIntegration/Setup.php": "9fa79aec791aaef79d6459bae705177b0d8a5bdaeec58594909c4fa5632b0f07",
    "src/addons/nick97/TraktIntegration/ThreadType/Movie.php": "640a692440df4d9758e4292141c7a7ea231272639f72c41c7915b5b2755c4763",
    "src/addons/nick97/TraktIntegration/ThreadType/TV.php": "42f684715a14b7a4e7cf643c0217c495da1f7c6a98906d1bf32488d9af301acc",
    "src/addons/nick97/TraktIntegration/XF/Entity/Thread.php": "44320a797a6317c49afa195a98c285e23d30bc3de6a2c63ded2138fdfd8e1e32",
    "src/addons/nick97/TraktIntegration/XF/ForumType/Discussion.php": "5c27c54d419aabcfef22de0f747a797768d3b321b0d06bcb64ab9a468e84db56",
    "src/addons/nick97/TraktIntegration/XF/Service/Thread/Creator.php": "82a22f175384a3ebae3ab63b3ec437d7e2aef18557477fbd63e5a2acd581abde",
    "src/addons/nick97/TraktIntegration/_data/activity_summary_definitions.xml": "99d8c2563a31320d66f958fc8bda78613545f5f7959bb3cf5318805e3a3c39d2",
    "src/addons/nick97/TraktIntegration/_data/admin_navigation.xml": "064ec797484ac00d5ee37367b50b06846d11f480d00550997712707f8fdac8c0",
    "src/addons/nick97/TraktIntegration/_data/admin_permission.xml": "ec6fb97cebf0bceb24f1ed1d5778c1db54eeb7535fbb3e31d824840e7aa9ff87",
    "src/addons/nick97/TraktIntegration/_data/advertising_positions.xml": "d2f7cbe844bb1df3cf878d22ff6306249245c8ff6b0b87b9b729744bec538261",
    "src/addons/nick97/TraktIntegration/_data/api_scopes.xml": "6793eaf758f140e8137187ba20e65f4faccf53410433ae3ad7a8b3b38cb6b3b7",
    "src/addons/nick97/TraktIntegration/_data/bb_codes.xml": "faa4ddd5f4a365e5ac39aebdcbe2d25aedf74e7eb9ea4a812766e2fd5e13bdb1",
    "src/addons/nick97/TraktIntegration/_data/bb_code_media_sites.xml": "29762987990187b33e43cfb68c08dc917b2d3f0176613d78f8e6c453f82da3f3",
    "src/addons/nick97/TraktIntegration/_data/class_extensions.xml": "7ac7441b37aae2007c8e46a07fe6935dd4b6cc49cbe775e5da3337117d941bcb",
    "src/addons/nick97/TraktIntegration/_data/code_events.xml": "8370dec3df47f91df4cf79da253446ad11b29f4ea568fe76c774e97a0379f0eb",
    "src/addons/nick97/TraktIntegration/_data/code_event_listeners.xml": "d6b5072f4909dee7a20ee9e44b163f95c8aa52e6ac7f573e292000cd9238c331",
    "src/addons/nick97/TraktIntegration/_data/content_type_fields.xml": "c7ad5472b28f465b7ac7617627707eba1b7a39d28089460d52e1ed292fc0b06a",
    "src/addons/nick97/TraktIntegration/_data/cron.xml": "323c4284742ef24329cd6db6f288eb9736d2353f36852e1db12591e1583aea26",
    "src/addons/nick97/TraktIntegration/_data/help_pages.xml": "a8a0c0b06cdc550438bc8a8d385af3e1e5ab3459877dfb934c1c31be59c89163",
    "src/addons/nick97/TraktIntegration/_data/member_stats.xml": "89fb2b93ff1eca7a1f6f752248edf6090dfd24037db1446fd18ff7143f08124d",
    "src/addons/nick97/TraktIntegration/_data/navigation.xml": "f75e1c03a45a360bbdfcd0567121665082315068475d5b0feb8b1acbb1688651",
    "src/addons/nick97/TraktIntegration/_data/options.xml": "0c6c067d1782152c2cc1cf21a3397f4fc852ebac9297e362892c332e1709c7fd",
    "src/addons/nick97/TraktIntegration/_data/option_groups.xml": "ed08a19976bcfb5a3c5fdccb5ecb01208421fedb0491c40c13dfc78b0eb505db",
    "src/addons/nick97/TraktIntegration/_data/permissions.xml": "7e4fc7d5826733d15ea2d8936b9bdd41afcaad810eb38e50da3c8d8eafda1550",
    "src/addons/nick97/TraktIntegration/_data/permission_interface_groups.xml": "3177224e96458b829aa7fb24866dda9e0455a4922aee3d669b53f59a1ffdf5d1",
    "src/addons/nick97/TraktIntegration/_data/phrases.xml": "3861b3c7cbcd75a2224e0112534bee223da43e2f02feb29fa778e68a0597eb52",
    "src/addons/nick97/TraktIntegration/_data/routes.xml": "550fa64f9feedf137dd877b38c2684f94474619d2d83890dbb717a91b50da8f5",
    "src/addons/nick97/TraktIntegration/_data/style_properties.xml": "8b8690a8512f01f219dd2da76e3d0c5f62afc1f317b87794a7331c859c36a7a8",
    "src/addons/nick97/TraktIntegration/_data/style_property_groups.xml": "68e1879cb3846c42d978487aa8d5145ff3335fc39e58016878824d5cf3fd684c",
    "src/addons/nick97/TraktIntegration/_data/templates.xml": "e1ca3a44d89ccba0cf00fd7b715b4ccde16751fa72fba5fafa4d8adde3ce1afc",
    "src/addons/nick97/TraktIntegration/_data/template_modifications.xml": "4e1bea614aab2a58fe6b1ce283bf385994d87cd757f0fc61765e349d01377686",
    "src/addons/nick97/TraktIntegration/_data/widget_definitions.xml": "37e46965256430f24004c2e7f08ba08f9b0d1cbcc4d70e84b3f4e3ffb713e64b",
    "src/addons/nick97/TraktIntegration/_data/widget_positions.xml": "a29cee66134f6bc5d75ed9df1eef21096c24401915c5b5c774389c3d7bb2d5b3"
}