<?xml version="1.0" encoding="utf-8"?>
<template_modifications>
  <modification type="public" template="forum_post_thread" modification_key="fs_bunny_integration_add_upload_btn" description="fs_bunny_integration_add_upload_btn" execution_order="10" enabled="1" action="preg_replace">
    <find><![CDATA[/<xf:if is="\$attachmentData">.*?<\/xf:if>/is]]></find>
    <replace><![CDATA[$0

<xf:if is="{{ $xf.visitor.hasPermission('fs_bunny', 'allow') AND $xf.options.fs_bi_accessKey AND $xf.options.fs_bi_libraryId }}">

	<xf:button href="{{ link('attachments/upload', null, {'type': $type, 'context': $context, 'hash': $hash}) }}"
			   target="_blank" class="button--link js-attachmentUpload" icon="upload"
			   data-accept=".mp4,.m4v,.mov,.mp4v,.mpeg,.mpg,.ogv,.webm"
			   data-video-size="{$constraints.video_size}" id="bunnyVideoBtn">{{ phrase('upload') }}</xf:button>

</xf:if>]]></replace>
  </modification>
  <modification type="public" template="helper_attach_upload" modification_key="fs_bunny_integration_dub_btn" description="Add Bunny Upload Btn" execution_order="10" enabled="1" action="str_replace">
    <find><![CDATA[<xf:button href="{{ link('attachments/upload', null, {'type': $type, 'context': $context, 'hash': $hash}) }}"
		target="_blank" class="button--link js-attachmentUpload" icon="attach"
		data-accept=".{$constraints.extensions|join(',.')}"
		data-video-size="{$constraints.video_size}" />]]></find>
    <replace><![CDATA[<xf:if is="{{ $xf.visitor.hasPermission('fs_bunny', 'allow') AND $xf.options.fs_bi_accessKey AND $xf.options.fs_bi_libraryId }}">
	<xf:js src="Bunny/OnClickBunny.js"/>
	<xf:js src="Bunny/extend_manager.js"/>

	<xf:button href="{{ link('attachments/upload', null, {'type': $type, 'context': $context, 'hash': $hash}) }}"
			   target="_blank" class="button--link js-attachmentUpload" icon="attach"
			   data-accept=".{$constraints.extensions|join(',.')}"
			   data-video-size="{$constraints.video_size}" id="attachVideoBtn"/>
	<xf:else />
	$0
</xf:if>]]></replace>
  </modification>
  <modification type="public" template="thread_view" modification_key="fs_bunny_integration_reload_page" description="After video completely uploaded we reload the page one time." execution_order="10" enabled="0" action="str_replace">
    <find><![CDATA[<xf:widgetpos id="thread_view_sidebar" context-thread="{$thread}" position="sidebar" />]]></find>
    <replace><![CDATA[$0

<xf:if is="$thread.bunny_lib_id AND $thread.bunny_vid_id AND ($thread.is_uploaded == 0)">

	<xf:set var="$thread_id" value="{$thread.thread_id}" />
	
<xf:js>

	var timeOutID;

	timeOutID = setInterval(checkVideoEncoding, 30000);
	function checkVideoEncoding() {

	jQuery.ajax({
	type: "Get",
	url: "{{ link('threads/check-video', {'thread_id': {$thread_id}}) }}",
	dataType:"json",
	success: function(content){
	if (content.data.status){
		refreshPage()
	}
	},
	error: function(xhr){

	console.log(xhr.status + " " + xhr.statusText);
	}
	});
	}
	function refreshPage() {
	location.reload();
	}

</xf:js>
</xf:if>]]></replace>
  </modification>
</template_modifications>
