{
    "src/addons/FS/AuctionPlugin/addon.json": "aef57f19bfd672a1d634fbbee3daa3c5c19619eb35616b9bf44f1c2aa911c7d7",
    "src/addons/FS/AuctionPlugin/Admin/Controller/Auction.php": "ccc233dc7b8386808784260124964006d63fa86c4d1cb6cf8742fcad58ee3789",
    "src/addons/FS/AuctionPlugin/Admin/Controller/Category.php": "240158831ca5f1c2cd6019e4033bd1e74009aaf952fe64b740ac6f135ffaf593",
    "src/addons/FS/AuctionPlugin/Alert/AuctionListing.php": "1b19e2f93551a757a640b513578bcde8255a52866c6688af58b1fdf710014ed8",
    "src/addons/FS/AuctionPlugin/Attachment/AuctionListing.php": "80ce1d6e4bef45479130d7f57c257befbcf968f9c7035f1412cc70fa66a33a3a",
    "src/addons/FS/AuctionPlugin/Bookmark/AuctionListing.php": "274693a892e842bf2854bcdbcc79f669cec48a0c94171934e3b735d3795ed2fd",
    "src/addons/FS/AuctionPlugin/ControllerPlugin/CategoryTree.php": "8087dd6e25010dbf2b189f6fbc73b080e5bb15a797700e4f3b4076246873e7ed",
    "src/addons/FS/AuctionPlugin/Entity/AuctionListing.php": "b83d50da9d48a46c6a82b7bbd617a44cf86cb424bcef6744a8c5dc574232dec6",
    "src/addons/FS/AuctionPlugin/Entity/AuctionRead.php": "e60c12dd7e117f0e3a3bad4f980a2345b3635c404bcab5422d7308cfb8ad8e9a",
    "src/addons/FS/AuctionPlugin/Entity/Bidding.php": "b1ca33a81f05def521c3fb9dba8788cd47fc5308286e2e250da90ed96bbd655f",
    "src/addons/FS/AuctionPlugin/Entity/Category.php": "f168a41707839ce98883b220dc12b5dabcae34edcc48196d6dccc479fada552b",
    "src/addons/FS/AuctionPlugin/Install/Data/MySql.php": "e487b1971e9de35d40511028db18f4901160a1d68ef5f7495eb8f2d18a62c716",
    "src/addons/FS/AuctionPlugin/Listener.php": "08c3078fedd48ceee827defa614a25c4b5f6b171cabad8fe356ee7b092a1e909",
    "src/addons/FS/AuctionPlugin/Notifier/Listing/Auction.php": "a8b2d7c63da17106c1283abb185599d66563195afda891a12c67d334ea84c3ca",
    "src/addons/FS/AuctionPlugin/Pub/Controller/Auction.php": "0e651bafa0868436c49a86902a79d6b1594d9e016a23c36739c9b9f376ce1184",
    "src/addons/FS/AuctionPlugin/Pub/Controller/AuctionListing.php": "eccaf7724f4c517c21a1b1fb3e3051a3a105f9342f9ca2d44877c05b8da36619",
    "src/addons/FS/AuctionPlugin/Repository/AuctionListing.php": "f467f5aa1d3aadb4e64d7793fdcfff9e15f29429a3743ae23d50b23096ab5b56",
    "src/addons/FS/AuctionPlugin/Repository/Category.php": "f6c1aa4694f47b4ed4767b2f73aab135aa63ecd8ee7b038d11d0ddc1a0b84836",
    "src/addons/FS/AuctionPlugin/Service/Auction/ForumAndFields.php": "f902e3cc72a953c417d4ccc42a3ed6bad75a969ec5dec78028a1f10c4626d81f",
    "src/addons/FS/AuctionPlugin/Service/AuctionBidPost.php": "616d1db83fa12ed121bfa79ed71d1616be1bda2ecd5308275f291527f52ca65e",
    "src/addons/FS/AuctionPlugin/Setup.php": "8037f3e0305c3b0581edbab489377f2242563725a24806a73c3cda73bdc15e12",
    "src/addons/FS/AuctionPlugin/XF/Entity/Thread.php": "7527d523799ed60ecc25a30a339a8156554f49a92527d179ce726aee96af93e2",
    "src/addons/FS/AuctionPlugin/XF/Entity/User.php": "df3c4768fdb8828c95fe0cc89b6e37782e3f7275411c57fe75931d967acbdb84",
    "src/addons/FS/AuctionPlugin/XF/Pub/Controller/Forum.php": "ff968a35c9a440223a5933dd64838979f64e36bbee1ef13a8986de3587e80686",
    "src/addons/FS/AuctionPlugin/XF/Pub/Controller/Post.php": "d3af255e26a93f3c83474d4ce27ae40264ffd8189bc39d3f90dbcfa06368cc19",
    "src/addons/FS/AuctionPlugin/XF/Pub/Controller/Thread.php": "47cdf5e323e4aa01b7cd36bf5f47acb3eff7761742c3e4fc1d12fa4930f0d2cc",
    "src/addons/FS/AuctionPlugin/XF/Service/Auction/Replier.php": "515ca2ee11bee15fd3e90b8f55455dbf1ae19a65dadbc85a64c7109b33d64110",
    "src/addons/FS/AuctionPlugin/XF/Service/Thread/Creator.php": "5e4e0480237d7c14694087c7167005fb55d3efabe491c72904b0f893582d096b",
    "src/addons/FS/AuctionPlugin/_data/activity_summary_definitions.xml": "99d8c2563a31320d66f958fc8bda78613545f5f7959bb3cf5318805e3a3c39d2",
    "src/addons/FS/AuctionPlugin/_data/admin_navigation.xml": "2855715a971a605a4a2e4cd2c9638dfc17876ada8e89801c7e2da566ac0c5c22",
    "src/addons/FS/AuctionPlugin/_data/admin_permission.xml": "ec6fb97cebf0bceb24f1ed1d5778c1db54eeb7535fbb3e31d824840e7aa9ff87",
    "src/addons/FS/AuctionPlugin/_data/advertising_positions.xml": "d2f7cbe844bb1df3cf878d22ff6306249245c8ff6b0b87b9b729744bec538261",
    "src/addons/FS/AuctionPlugin/_data/api_scopes.xml": "6793eaf758f140e8137187ba20e65f4faccf53410433ae3ad7a8b3b38cb6b3b7",
    "src/addons/FS/AuctionPlugin/_data/bb_codes.xml": "faa4ddd5f4a365e5ac39aebdcbe2d25aedf74e7eb9ea4a812766e2fd5e13bdb1",
    "src/addons/FS/AuctionPlugin/_data/bb_code_media_sites.xml": "29762987990187b33e43cfb68c08dc917b2d3f0176613d78f8e6c453f82da3f3",
    "src/addons/FS/AuctionPlugin/_data/class_extensions.xml": "d0c59e5b0500e682ef7700c77c6863407296b4580ced753bfd19238f3f0d8e92",
    "src/addons/FS/AuctionPlugin/_data/code_events.xml": "8370dec3df47f91df4cf79da253446ad11b29f4ea568fe76c774e97a0379f0eb",
    "src/addons/FS/AuctionPlugin/_data/code_event_listeners.xml": "c279c031ab5a4e0f0b768e8714013a5a47345c6c3889e94d78cf01dbd72493f4",
    "src/addons/FS/AuctionPlugin/_data/content_type_fields.xml": "d96360608370dab33fc0c01516f91e65dce5970dd8e3febbabd709afd054c1ea",
    "src/addons/FS/AuctionPlugin/_data/cron.xml": "323c4284742ef24329cd6db6f288eb9736d2353f36852e1db12591e1583aea26",
    "src/addons/FS/AuctionPlugin/_data/help_pages.xml": "a8a0c0b06cdc550438bc8a8d385af3e1e5ab3459877dfb934c1c31be59c89163",
    "src/addons/FS/AuctionPlugin/_data/member_stats.xml": "89fb2b93ff1eca7a1f6f752248edf6090dfd24037db1446fd18ff7143f08124d",
    "src/addons/FS/AuctionPlugin/_data/navigation.xml": "db49757750201e09915899a99f282f49bc4c6515fdf086f6a4579456173b032c",
    "src/addons/FS/AuctionPlugin/_data/options.xml": "309f6709ba1fbed5c933a9353c813a3740475c7a2fe25419cf44979a785abdc1",
    "src/addons/FS/AuctionPlugin/_data/option_groups.xml": "2b7e3eb644666268e959d1d623246cb2042fea48a79e3c187f1bbc519fbabcb5",
    "src/addons/FS/AuctionPlugin/_data/permissions.xml": "7d536c9f795d05f480b72de860cb6b81f41a94077f0f2f2f980fdabdcd7544f5",
    "src/addons/FS/AuctionPlugin/_data/permission_interface_groups.xml": "0eb1659fe1008186a1af48fef555cac6bf24135eceab0f182cfb4015badf4931",
    "src/addons/FS/AuctionPlugin/_data/phrases.xml": "41cae1089d71b9378e20ac65e9446fbb9e9837864d5e948c6b5d4328d0f77dc1",
    "src/addons/FS/AuctionPlugin/_data/routes.xml": "45f9604476ac9bf4378f90fc3827125cbe8d385bce03682958e5b0dc0d834e21",
    "src/addons/FS/AuctionPlugin/_data/style_properties.xml": "8b8690a8512f01f219dd2da76e3d0c5f62afc1f317b87794a7331c859c36a7a8",
    "src/addons/FS/AuctionPlugin/_data/style_property_groups.xml": "68e1879cb3846c42d978487aa8d5145ff3335fc39e58016878824d5cf3fd684c",
    "src/addons/FS/AuctionPlugin/_data/templates.xml": "b7e30f014473cc585cda77f63594afd658fbab27806581da16fbfc06d978419f",
    "src/addons/FS/AuctionPlugin/_data/template_modifications.xml": "e323e6bb634872d017ab8d2f944d7ad115ad713b72df15a8bd9255bda5fcf74f",
    "src/addons/FS/AuctionPlugin/_data/widget_definitions.xml": "37e46965256430f24004c2e7f08ba08f9b0d1cbcc4d70e84b3f4e3ffb713e64b",
    "src/addons/FS/AuctionPlugin/_data/widget_positions.xml": "a29cee66134f6bc5d75ed9df1eef21096c24401915c5b5c774389c3d7bb2d5b3"
}