<?xml version="1.0" encoding="utf-8"?>
<phrases>
  <phrase title="fs_register_terms_conditions_text" version_id="1000010" version_string="1.0.0 Alpha"><![CDATA[<p style="text-align: justify;">In publishing and graphic design, Lorem ipsum is a placeholder text commonly used to demonstrate the visual form of a document or a typeface without relying on meaningful content. Lorem ipsum may be used as a placeholder before the final copy is available.</p>
	
<p style="text-align: justify;">In publishing and graphic design, Lorem ipsum is a placeholder text commonly used to demonstrate the visual form of a document or a typeface without relying on meaningful content. Lorem ipsum may be used as a placeholder before the final copy is available.</p>
	
<p style="text-align: justify;">In publishing and graphic design, Lorem ipsum is a placeholder text commonly used to demonstrate the visual form of a document or a typeface without relying on meaningful content. Lorem ipsum may be used as a placeholder before the final copy is available.</p>
	
<p style="text-align: justify;">In publishing and graphic design, Lorem ipsum is a placeholder text commonly used to demonstrate the visual form of a document or a typeface without relying on meaningful content. Lorem ipsum may be used as a placeholder before the final copy is available.</p>
	
<p style="text-align: justify;">In publishing and graphic design, Lorem ipsum is a placeholder text commonly used to demonstrate the visual form of a document or a typeface without relying on meaningful content. Lorem ipsum may be used as a placeholder before the final copy is available.</p>]]></phrase>
  <phrase title="fs_register_terms_title" version_id="1000010" version_string="1.0.0 Alpha"><![CDATA[Register Terms & Conditions]]></phrase>
  <phrase title="fs_register_terms_you_agree_to_our_terms_and_conditions" version_id="1000010" version_string="1.0.0 Alpha"><![CDATA[I agree to the terms and conditions.]]></phrase>
</phrases>
