<?xml version="1.0" encoding="utf-8"?>
<class_extensions>
  <extension from_class="XF\Behavior\NewsFeedPublishable" to_class="FS\WebsiteRanking\XF\Behavior\NewsFeedPublishable" execute_order="10" active="1"/>
  <extension from_class="XF\Entity\Forum" to_class="FS\WebsiteRanking\XF\Entity\Forum" execute_order="10" active="1"/>
  <extension from_class="XF\Entity\Node" to_class="FS\WebsiteRanking\XF\Entity\Node" execute_order="10" active="1"/>
  <extension from_class="XF\Entity\Thread" to_class="FS\WebsiteRanking\XF\Entity\Thread" execute_order="10" active="1"/>
  <extension from_class="XF\FindNew\Thread" to_class="FS\WebsiteRanking\XF\FindNew\Thread" execute_order="10" active="1"/>
  <extension from_class="XF\Pub\Controller\FindThreads" to_class="FS\WebsiteRanking\XF\Pub\Controller\FindThreads" execute_order="10" active="1"/>
  <extension from_class="XF\Pub\Controller\Forum" to_class="FS\WebsiteRanking\XF\Pub\Controller\Forum" execute_order="10" active="1"/>
  <extension from_class="XF\Pub\Controller\Thread" to_class="FS\WebsiteRanking\XF\Pub\Controller\Thread" execute_order="10" active="1"/>
  <extension from_class="XF\Repository\Node" to_class="FS\WebsiteRanking\XF\Repository\Node" execute_order="10" active="1"/>
  <extension from_class="XF\Repository\Thread" to_class="FS\WebsiteRanking\XF\Repository\Thread" execute_order="10" active="1"/>
</class_extensions>
