<?xml version="1.0" encoding="utf-8"?>
<templates>
  <template type="public" title="fs_bunny_loader_style.less" version_id="1000010" version_string="1.0.0 Alpha"><![CDATA[#overlay {
	display: none;
	position: fixed;
	top: 0;
	left: 0;
	width: 100%;
	height: 100%;
	background: rgba(0, 0, 0, 0.7);
	z-index: 999;
}
#loader {
	position: absolute;
	top: 50%;
	left: 50%;
	transform: translate(-50%, -50%);
}

.loader {
	border: 16px solid #f3f3f3;
	border-radius: 50%;
	border-top: 16px solid #185886;
	border-bottom: 16px solid #185886;
	width: 120px;
	height: 120px;
	-webkit-animation: spin 2s linear infinite;
	animation: spin 2s linear infinite;
}

@-webkit-keyframes spin {
	0% { -webkit-transform: rotate(0deg); }
	100% { -webkit-transform: rotate(360deg); }
}

@keyframes spin {
	0% { transform: rotate(0deg); }
	100% { transform: rotate(360deg); }
}]]></template>
  <template type="public" title="fs_buunyBBcodeRender" version_id="1000010" version_string="1.0.0 Alpha"><![CDATA[<div class="bbMediaWrapper">
	<div class="bbMediaWrapper-inner">
		<iframe src="https://iframe.mediadelivery.net/embed/{$libraryId}/{$videoId}?autoplay=false" loading="lazy" style="border: none; position: absolute; top: 0; height: 315; width: 560;" allow="accelerometer; gyroscope; autoplay; encrypted-media; picture-in-picture;" allowfullscreen="true"></iframe>
	</div>
</div>]]></template>
</templates>
