<?xml version="1.0" encoding="utf-8"?>
<templates>
  <template type="public" title="post_approve" version_id="1000010" version_string="1.0.0 Alpha"><![CDATA[<xf:title>{{ phrase('fs_approve_post') }}</xf:title>

<xf:form action="{{ link('posts/approve', $post) }}" class="block" ajax="true">
	<div class="block-container">
		<div class="block-body">
			<xf:inforow rowtype="confirm">
				{{ phrase('please_confirm_that_you_want_to_approve_the_following') }}
			</xf:inforow>
		</div>
		<xf:submitrow icon="save" rowtype="simple" />
	</div>
</xf:form>]]></template>
</templates>
