{
    "src/addons/FS/AssignGroup/addon.json": "59e0da134e11ef615b00730c989d5eece4e494d52e2136603df3774efb0464da",
    "src/addons/FS/AssignGroup/Listener.php": "e4cbfc46b4d5dbbab0ae15d92dd26dbf1f9b7bfcd50b2d3529ee7691599a4b2c",
    "src/addons/FS/AssignGroup/Service/AssignGroup.php": "5dbb441557eab3bf9cdb6da7994163d71a4423a51cd52aeac0294d3c71202fda",
    "src/addons/FS/AssignGroup/Setup.php": "a6a4d809c32c04464924c49e608a767ab29b231e6e50bd78c4a14600be13de55",
    "src/addons/FS/AssignGroup/XF/Entity/User.php": "bfa153f9c7995281bb91b1bcbf50f7395e64de4084fc70a8f2f0b5d8fca90d17",
    "src/addons/FS/AssignGroup/_data/activity_summary_definitions.xml": "99d8c2563a31320d66f958fc8bda78613545f5f7959bb3cf5318805e3a3c39d2",
    "src/addons/FS/AssignGroup/_data/admin_navigation.xml": "064ec797484ac00d5ee37367b50b06846d11f480d00550997712707f8fdac8c0",
    "src/addons/FS/AssignGroup/_data/admin_permission.xml": "ec6fb97cebf0bceb24f1ed1d5778c1db54eeb7535fbb3e31d824840e7aa9ff87",
    "src/addons/FS/AssignGroup/_data/advertising_positions.xml": "d2f7cbe844bb1df3cf878d22ff6306249245c8ff6b0b87b9b729744bec538261",
    "src/addons/FS/AssignGroup/_data/api_scopes.xml": "6793eaf758f140e8137187ba20e65f4faccf53410433ae3ad7a8b3b38cb6b3b7",
    "src/addons/FS/AssignGroup/_data/bb_codes.xml": "faa4ddd5f4a365e5ac39aebdcbe2d25aedf74e7eb9ea4a812766e2fd5e13bdb1",
    "src/addons/FS/AssignGroup/_data/bb_code_media_sites.xml": "29762987990187b33e43cfb68c08dc917b2d3f0176613d78f8e6c453f82da3f3",
    "src/addons/FS/AssignGroup/_data/class_extensions.xml": "e104e87d3c78ebd2e0c1cd70409bca9756e367000436d483b359186e58cca056",
    "src/addons/FS/AssignGroup/_data/code_events.xml": "8370dec3df47f91df4cf79da253446ad11b29f4ea568fe76c774e97a0379f0eb",
    "src/addons/FS/AssignGroup/_data/code_event_listeners.xml": "306c77c3aaaac3cbe2aa7a689cd2bfe1823bbc8682b1518f5fb0cad4185012d1",
    "src/addons/FS/AssignGroup/_data/content_type_fields.xml": "c7ad5472b28f465b7ac7617627707eba1b7a39d28089460d52e1ed292fc0b06a",
    "src/addons/FS/AssignGroup/_data/cron.xml": "323c4284742ef24329cd6db6f288eb9736d2353f36852e1db12591e1583aea26",
    "src/addons/FS/AssignGroup/_data/help_pages.xml": "a8a0c0b06cdc550438bc8a8d385af3e1e5ab3459877dfb934c1c31be59c89163",
    "src/addons/FS/AssignGroup/_data/member_stats.xml": "89fb2b93ff1eca7a1f6f752248edf6090dfd24037db1446fd18ff7143f08124d",
    "src/addons/FS/AssignGroup/_data/navigation.xml": "f75e1c03a45a360bbdfcd0567121665082315068475d5b0feb8b1acbb1688651",
    "src/addons/FS/AssignGroup/_data/options.xml": "196b6ff5f518c90885f866f4ef195833dcd2642b2340716fd6f535c22ba0e781",
    "src/addons/FS/AssignGroup/_data/option_groups.xml": "c6fd8b3e9dd05bc848f2886f8dd4e720b91d8c825c85baed7340a91511ba582f",
    "src/addons/FS/AssignGroup/_data/permissions.xml": "7e4fc7d5826733d15ea2d8936b9bdd41afcaad810eb38e50da3c8d8eafda1550",
    "src/addons/FS/AssignGroup/_data/permission_interface_groups.xml": "3177224e96458b829aa7fb24866dda9e0455a4922aee3d669b53f59a1ffdf5d1",
    "src/addons/FS/AssignGroup/_data/phrases.xml": "063d1df8142748e06780c3b13a6f4d4f4fab25b717a19805107051c5efe835e0",
    "src/addons/FS/AssignGroup/_data/routes.xml": "550fa64f9feedf137dd877b38c2684f94474619d2d83890dbb717a91b50da8f5",
    "src/addons/FS/AssignGroup/_data/style_properties.xml": "8b8690a8512f01f219dd2da76e3d0c5f62afc1f317b87794a7331c859c36a7a8",
    "src/addons/FS/AssignGroup/_data/style_property_groups.xml": "68e1879cb3846c42d978487aa8d5145ff3335fc39e58016878824d5cf3fd684c",
    "src/addons/FS/AssignGroup/_data/templates.xml": "95d4b078b90e74e773cef6695ef94c742e74b8d62e6798738f11f0215a58faee",
    "src/addons/FS/AssignGroup/_data/template_modifications.xml": "3b54b7df00a6a4a18c5e012b6e2588e35c23aaa13a5fc227f08646a97590d778",
    "src/addons/FS/AssignGroup/_data/widget_definitions.xml": "37e46965256430f24004c2e7f08ba08f9b0d1cbcc4d70e84b3f4e3ffb713e64b",
    "src/addons/FS/AssignGroup/_data/widget_positions.xml": "a29cee66134f6bc5d75ed9df1eef21096c24401915c5b5c774389c3d7bb2d5b3"
}