{
    "src/addons/FS/NodeIcon/addon.json": "0a514ccd280d07a9d92b9a6e2a37054169240fa5b2fb71fbd9aaa3ae74f7ea7b",
    "src/addons/FS/NodeIcon/Repository/Node.php": "a3025fda163f8815c31af389066cebb9bf8b7f0936c6619816843eac2ba97fed",
    "src/addons/FS/NodeIcon/Setup.php": "b951742ae143c4e758e7f7cffd3f2e28dff14923af8cefc5713d933faebebca9",
    "src/addons/FS/NodeIcon/XF/Admin/Controller/Forum.php": "0c10b9d75eaf04f1d92d183a2ff97ab95cbe06e73434f52e51621c248778c085",
    "src/addons/FS/NodeIcon/XF/Admin/Controller/LinkForum.php": "8bebf3f8547914da628a1522adfee52e7fc050e1c88f1583a0a93577a6476a72",
    "src/addons/FS/NodeIcon/XF/Admin/Controller/Page.php": "4915fae75a0f412f4b887be3d695632b720a95bbc319ea9d9838cf01804407f3",
    "src/addons/FS/NodeIcon/XF/Entity/Node.php": "d713f5f8231be444b0bfb4fa6ca813ef8bc850c18077221eb2eccf05d86bc759",
    "src/addons/FS/NodeIcon/XF/Entity/User.php": "f15ba8f22ab08de06252384e7cb9bd3a6b90118d1886454e09452d646c0d2b58",
    "src/addons/FS/NodeIcon/_data/activity_summary_definitions.xml": "99d8c2563a31320d66f958fc8bda78613545f5f7959bb3cf5318805e3a3c39d2",
    "src/addons/FS/NodeIcon/_data/admin_navigation.xml": "064ec797484ac00d5ee37367b50b06846d11f480d00550997712707f8fdac8c0",
    "src/addons/FS/NodeIcon/_data/admin_permission.xml": "ec6fb97cebf0bceb24f1ed1d5778c1db54eeb7535fbb3e31d824840e7aa9ff87",
    "src/addons/FS/NodeIcon/_data/advertising_positions.xml": "d2f7cbe844bb1df3cf878d22ff6306249245c8ff6b0b87b9b729744bec538261",
    "src/addons/FS/NodeIcon/_data/api_scopes.xml": "6793eaf758f140e8137187ba20e65f4faccf53410433ae3ad7a8b3b38cb6b3b7",
    "src/addons/FS/NodeIcon/_data/bb_codes.xml": "faa4ddd5f4a365e5ac39aebdcbe2d25aedf74e7eb9ea4a812766e2fd5e13bdb1",
    "src/addons/FS/NodeIcon/_data/bb_code_media_sites.xml": "29762987990187b33e43cfb68c08dc917b2d3f0176613d78f8e6c453f82da3f3",
    "src/addons/FS/NodeIcon/_data/class_extensions.xml": "6c793607f682c3f6eb6c4f42f5538ef6efb82e6a8064202433937797de8489be",
    "src/addons/FS/NodeIcon/_data/code_events.xml": "8370dec3df47f91df4cf79da253446ad11b29f4ea568fe76c774e97a0379f0eb",
    "src/addons/FS/NodeIcon/_data/code_event_listeners.xml": "d6b5072f4909dee7a20ee9e44b163f95c8aa52e6ac7f573e292000cd9238c331",
    "src/addons/FS/NodeIcon/_data/content_type_fields.xml": "c7ad5472b28f465b7ac7617627707eba1b7a39d28089460d52e1ed292fc0b06a",
    "src/addons/FS/NodeIcon/_data/cron.xml": "323c4284742ef24329cd6db6f288eb9736d2353f36852e1db12591e1583aea26",
    "src/addons/FS/NodeIcon/_data/help_pages.xml": "a8a0c0b06cdc550438bc8a8d385af3e1e5ab3459877dfb934c1c31be59c89163",
    "src/addons/FS/NodeIcon/_data/member_stats.xml": "89fb2b93ff1eca7a1f6f752248edf6090dfd24037db1446fd18ff7143f08124d",
    "src/addons/FS/NodeIcon/_data/navigation.xml": "f75e1c03a45a360bbdfcd0567121665082315068475d5b0feb8b1acbb1688651",
    "src/addons/FS/NodeIcon/_data/options.xml": "caeb74599b665ca6edd165ae0da16f23991b3e7b5d771486bbdefb7b61ae8334",
    "src/addons/FS/NodeIcon/_data/option_groups.xml": "220632f78bfc90b2bebc4245f13733945a890a37cb582540b1690d73ce414ee7",
    "src/addons/FS/NodeIcon/_data/permissions.xml": "9bc6388af1b60dc3c8904fc0ac923b022d00a516c95da44f8eb54e5bc47f8f11",
    "src/addons/FS/NodeIcon/_data/permission_interface_groups.xml": "3177224e96458b829aa7fb24866dda9e0455a4922aee3d669b53f59a1ffdf5d1",
    "src/addons/FS/NodeIcon/_data/phrases.xml": "f6940d9505b345a673cb6d3a07b2a7cc8051657ca0259a75f682bd39c5fe7340",
    "src/addons/FS/NodeIcon/_data/routes.xml": "550fa64f9feedf137dd877b38c2684f94474619d2d83890dbb717a91b50da8f5",
    "src/addons/FS/NodeIcon/_data/style_properties.xml": "8b8690a8512f01f219dd2da76e3d0c5f62afc1f317b87794a7331c859c36a7a8",
    "src/addons/FS/NodeIcon/_data/style_property_groups.xml": "68e1879cb3846c42d978487aa8d5145ff3335fc39e58016878824d5cf3fd684c",
    "src/addons/FS/NodeIcon/_data/templates.xml": "143a271ef4bad4c754cef179c4a7233342626363a19add876d6fdfe108a38a95",
    "src/addons/FS/NodeIcon/_data/template_modifications.xml": "3031f0ca54b23fc5649b8989cb411872e22b18f7d4107c3db0a9fe7908cbe821",
    "src/addons/FS/NodeIcon/_data/widget_definitions.xml": "37e46965256430f24004c2e7f08ba08f9b0d1cbcc4d70e84b3f4e3ffb713e64b",
    "src/addons/FS/NodeIcon/_data/widget_positions.xml": "a29cee66134f6bc5d75ed9df1eef21096c24401915c5b5c774389c3d7bb2d5b3"
}