{
    "src/addons/FS/UpgradeUserGroup/addon.json": "7b3e4058659e0253fddeed043b7b02592c7a81ec0a1fc7c7f3933a8ce44c1d89",
    "src/addons/FS/UpgradeUserGroup/Admin/Controller/UpgradeUserGroup.php": "cd2c271ff42ae7d67415d5dec6b87ab8b22607c41774b97095d39ab549040549",
    "src/addons/FS/UpgradeUserGroup/Cron/UpgradeUserGroupCron.php": "7d4862488cfb6c56bf8bb21384237d3675af09ed2aa3853761848d800dcbab93",
    "src/addons/FS/UpgradeUserGroup/Entity/DowngradeUserGroup.php": "7e1de9668f709571077d9f1e716be8eb06909b76694c74893e79ef7cc726a7db",
    "src/addons/FS/UpgradeUserGroup/Entity/UpgradeUserGroup.php": "ba256db4c06f160ed4429c55dfe9cd57c15efa53aeef8cd266bad353d3d61709",
    "src/addons/FS/UpgradeUserGroup/Setup.php": "a4f4e5aebf3bb81bb07a3ab0011afbafb3da39e2c284525fa6cdab685ddc11e5",
    "src/addons/FS/UpgradeUserGroup/_data/activity_summary_definitions.xml": "99d8c2563a31320d66f958fc8bda78613545f5f7959bb3cf5318805e3a3c39d2",
    "src/addons/FS/UpgradeUserGroup/_data/admin_navigation.xml": "be924670a009b5f391c0bc84aae9c2ada82f99ef88871f4a4330baa987e0140f",
    "src/addons/FS/UpgradeUserGroup/_data/admin_permission.xml": "ec6fb97cebf0bceb24f1ed1d5778c1db54eeb7535fbb3e31d824840e7aa9ff87",
    "src/addons/FS/UpgradeUserGroup/_data/advertising_positions.xml": "d2f7cbe844bb1df3cf878d22ff6306249245c8ff6b0b87b9b729744bec538261",
    "src/addons/FS/UpgradeUserGroup/_data/api_scopes.xml": "6793eaf758f140e8137187ba20e65f4faccf53410433ae3ad7a8b3b38cb6b3b7",
    "src/addons/FS/UpgradeUserGroup/_data/bb_codes.xml": "faa4ddd5f4a365e5ac39aebdcbe2d25aedf74e7eb9ea4a812766e2fd5e13bdb1",
    "src/addons/FS/UpgradeUserGroup/_data/bb_code_media_sites.xml": "29762987990187b33e43cfb68c08dc917b2d3f0176613d78f8e6c453f82da3f3",
    "src/addons/FS/UpgradeUserGroup/_data/class_extensions.xml": "1f548b8006e9952a3f5889f71e09fdfa6726ac1a47c1af7b2626d1a88920d5a4",
    "src/addons/FS/UpgradeUserGroup/_data/code_events.xml": "8370dec3df47f91df4cf79da253446ad11b29f4ea568fe76c774e97a0379f0eb",
    "src/addons/FS/UpgradeUserGroup/_data/code_event_listeners.xml": "d6b5072f4909dee7a20ee9e44b163f95c8aa52e6ac7f573e292000cd9238c331",
    "src/addons/FS/UpgradeUserGroup/_data/content_type_fields.xml": "c7ad5472b28f465b7ac7617627707eba1b7a39d28089460d52e1ed292fc0b06a",
    "src/addons/FS/UpgradeUserGroup/_data/cron.xml": "6f31d26ead4b9fb10c87d891a4811cf32038c6f21652dad922d0e19aae49e8de",
    "src/addons/FS/UpgradeUserGroup/_data/help_pages.xml": "a8a0c0b06cdc550438bc8a8d385af3e1e5ab3459877dfb934c1c31be59c89163",
    "src/addons/FS/UpgradeUserGroup/_data/member_stats.xml": "89fb2b93ff1eca7a1f6f752248edf6090dfd24037db1446fd18ff7143f08124d",
    "src/addons/FS/UpgradeUserGroup/_data/navigation.xml": "f75e1c03a45a360bbdfcd0567121665082315068475d5b0feb8b1acbb1688651",
    "src/addons/FS/UpgradeUserGroup/_data/options.xml": "1cea29aa5671733d85c8fc6f7c66128eacbca5643cbb38585eb82002879b51a4",
    "src/addons/FS/UpgradeUserGroup/_data/option_groups.xml": "154d7a89664b243d0bd8227c22e241f934bf7e196c83230ee23d3c0c4fba1333",
    "src/addons/FS/UpgradeUserGroup/_data/permissions.xml": "7e4fc7d5826733d15ea2d8936b9bdd41afcaad810eb38e50da3c8d8eafda1550",
    "src/addons/FS/UpgradeUserGroup/_data/permission_interface_groups.xml": "3177224e96458b829aa7fb24866dda9e0455a4922aee3d669b53f59a1ffdf5d1",
    "src/addons/FS/UpgradeUserGroup/_data/phrases.xml": "f7708bd76f398d755e1d7eadec8cca2cdc0160dad9f0b47f50472e02771d46ee",
    "src/addons/FS/UpgradeUserGroup/_data/routes.xml": "a4aa763d7831379e2aa3645cdf3f13665b818052418dd17693b1407a3c5bf8c6",
    "src/addons/FS/UpgradeUserGroup/_data/style_properties.xml": "8b8690a8512f01f219dd2da76e3d0c5f62afc1f317b87794a7331c859c36a7a8",
    "src/addons/FS/UpgradeUserGroup/_data/style_property_groups.xml": "68e1879cb3846c42d978487aa8d5145ff3335fc39e58016878824d5cf3fd684c",
    "src/addons/FS/UpgradeUserGroup/_data/templates.xml": "0ad079ee9c436874b4a4f3cdbc1de85673fe51a545d74ec5215046dbd5901dd4",
    "src/addons/FS/UpgradeUserGroup/_data/template_modifications.xml": "3b54b7df00a6a4a18c5e012b6e2588e35c23aaa13a5fc227f08646a97590d778",
    "src/addons/FS/UpgradeUserGroup/_data/widget_definitions.xml": "37e46965256430f24004c2e7f08ba08f9b0d1cbcc4d70e84b3f4e3ffb713e64b",
    "src/addons/FS/UpgradeUserGroup/_data/widget_positions.xml": "a29cee66134f6bc5d75ed9df1eef21096c24401915c5b5c774389c3d7bb2d5b3"
}