{
    "src/addons/FS/ApproveThreadPost/addon.json": "d2a8a8a574de1497e7d30b199c607eaf1ecf72e24ba53a364799fac4762a7d7f",
    "src/addons/FS/ApproveThreadPost/Entity/Forum.php": "2cb4f3d93ed4c57b3b042b49432c98c38764c85a12aac70bf98876a8bab5dbe0",
    "src/addons/FS/ApproveThreadPost/Setup.php": "09df58860d09bc7678f7bc13f4cf6befe61ebb1d5aa58dd116ca73a08842e721",
    "src/addons/FS/ApproveThreadPost/_data/activity_summary_definitions.xml": "99d8c2563a31320d66f958fc8bda78613545f5f7959bb3cf5318805e3a3c39d2",
    "src/addons/FS/ApproveThreadPost/_data/admin_navigation.xml": "064ec797484ac00d5ee37367b50b06846d11f480d00550997712707f8fdac8c0",
    "src/addons/FS/ApproveThreadPost/_data/admin_permission.xml": "ec6fb97cebf0bceb24f1ed1d5778c1db54eeb7535fbb3e31d824840e7aa9ff87",
    "src/addons/FS/ApproveThreadPost/_data/advertising_positions.xml": "d2f7cbe844bb1df3cf878d22ff6306249245c8ff6b0b87b9b729744bec538261",
    "src/addons/FS/ApproveThreadPost/_data/api_scopes.xml": "6793eaf758f140e8137187ba20e65f4faccf53410433ae3ad7a8b3b38cb6b3b7",
    "src/addons/FS/ApproveThreadPost/_data/bb_codes.xml": "faa4ddd5f4a365e5ac39aebdcbe2d25aedf74e7eb9ea4a812766e2fd5e13bdb1",
    "src/addons/FS/ApproveThreadPost/_data/bb_code_media_sites.xml": "29762987990187b33e43cfb68c08dc917b2d3f0176613d78f8e6c453f82da3f3",
    "src/addons/FS/ApproveThreadPost/_data/class_extensions.xml": "7fac8c1fc1d62b77a98d0bdf726a203847268052d53cdc348edb40316a7c47e4",
    "src/addons/FS/ApproveThreadPost/_data/code_events.xml": "8370dec3df47f91df4cf79da253446ad11b29f4ea568fe76c774e97a0379f0eb",
    "src/addons/FS/ApproveThreadPost/_data/code_event_listeners.xml": "d6b5072f4909dee7a20ee9e44b163f95c8aa52e6ac7f573e292000cd9238c331",
    "src/addons/FS/ApproveThreadPost/_data/content_type_fields.xml": "c7ad5472b28f465b7ac7617627707eba1b7a39d28089460d52e1ed292fc0b06a",
    "src/addons/FS/ApproveThreadPost/_data/cron.xml": "323c4284742ef24329cd6db6f288eb9736d2353f36852e1db12591e1583aea26",
    "src/addons/FS/ApproveThreadPost/_data/help_pages.xml": "a8a0c0b06cdc550438bc8a8d385af3e1e5ab3459877dfb934c1c31be59c89163",
    "src/addons/FS/ApproveThreadPost/_data/member_stats.xml": "89fb2b93ff1eca7a1f6f752248edf6090dfd24037db1446fd18ff7143f08124d",
    "src/addons/FS/ApproveThreadPost/_data/navigation.xml": "f75e1c03a45a360bbdfcd0567121665082315068475d5b0feb8b1acbb1688651",
    "src/addons/FS/ApproveThreadPost/_data/options.xml": "1cea29aa5671733d85c8fc6f7c66128eacbca5643cbb38585eb82002879b51a4",
    "src/addons/FS/ApproveThreadPost/_data/option_groups.xml": "154d7a89664b243d0bd8227c22e241f934bf7e196c83230ee23d3c0c4fba1333",
    "src/addons/FS/ApproveThreadPost/_data/permissions.xml": "55a0910620ac4052e3d9e76ef290940e10030305227e1a27e529122fbd0a937d",
    "src/addons/FS/ApproveThreadPost/_data/permission_interface_groups.xml": "0feb6a55b593a410578c8c3dd7fb3da651e82999d56ccdfd29c90aafe0be79ac",
    "src/addons/FS/ApproveThreadPost/_data/phrases.xml": "7b4d7210ca95b6a0468a7710db5b98e89366582731f8f0f107dd305cfbbf432c",
    "src/addons/FS/ApproveThreadPost/_data/routes.xml": "550fa64f9feedf137dd877b38c2684f94474619d2d83890dbb717a91b50da8f5",
    "src/addons/FS/ApproveThreadPost/_data/style_properties.xml": "8b8690a8512f01f219dd2da76e3d0c5f62afc1f317b87794a7331c859c36a7a8",
    "src/addons/FS/ApproveThreadPost/_data/style_property_groups.xml": "68e1879cb3846c42d978487aa8d5145ff3335fc39e58016878824d5cf3fd684c",
    "src/addons/FS/ApproveThreadPost/_data/templates.xml": "95d4b078b90e74e773cef6695ef94c742e74b8d62e6798738f11f0215a58faee",
    "src/addons/FS/ApproveThreadPost/_data/template_modifications.xml": "3b54b7df00a6a4a18c5e012b6e2588e35c23aaa13a5fc227f08646a97590d778",
    "src/addons/FS/ApproveThreadPost/_data/widget_definitions.xml": "37e46965256430f24004c2e7f08ba08f9b0d1cbcc4d70e84b3f4e3ffb713e64b",
    "src/addons/FS/ApproveThreadPost/_data/widget_positions.xml": "a29cee66134f6bc5d75ed9df1eef21096c24401915c5b5c774389c3d7bb2d5b3"
}