{
    "src/addons/FS/MediaTagSetting/addon.json": "630ecf9eb8c3b075d5f819578260e41caef373cf95f99594e724a10f86b0856d",
    "src/addons/FS/MediaTagSetting/Admin/Controller/MediaTag.php": "b98b662ba2e687ccd9e9e77cce86aa0a9c3717ee0d2e9b6ca027bad49ae7c950",
    "src/addons/FS/MediaTagSetting/BbCode/CustomMessage.php": "155560464ac8446daec9d642fa51fd50fe45714bd2cec46dfd0c5484c8d27b6e",
    "src/addons/FS/MediaTagSetting/Entity/MediaTag.php": "7fdcf9c4dda51d36bd175f740ae908e0da76d314b70de6c979095d3b28b27637",
    "src/addons/FS/MediaTagSetting/FS.png": "bb6b6a514e8dbc926f9dcf51b59d5b4504a8409797726ff98beda7d1d0223254",
    "src/addons/FS/MediaTagSetting/Setup.php": "5c5e4e8268404a770364e7f3d614d0a86806dada47d4a46ba947a66cfaec069c",
    "src/addons/FS/MediaTagSetting/XF/Pub/Controller/Thread.php": "cf9fa04a2f06c43844c8077f2e4b8eb2616f0854a463c24ca1bc54b8bed73f64",
    "src/addons/FS/MediaTagSetting/_data/activity_summary_definitions.xml": "99d8c2563a31320d66f958fc8bda78613545f5f7959bb3cf5318805e3a3c39d2",
    "src/addons/FS/MediaTagSetting/_data/admin_navigation.xml": "8136258cc5c9b6e9d3379a6ec7bd8ec02065e6905a5e430ea0d42fa58ff4c4e1",
    "src/addons/FS/MediaTagSetting/_data/admin_permission.xml": "ec6fb97cebf0bceb24f1ed1d5778c1db54eeb7535fbb3e31d824840e7aa9ff87",
    "src/addons/FS/MediaTagSetting/_data/advertising_positions.xml": "d2f7cbe844bb1df3cf878d22ff6306249245c8ff6b0b87b9b729744bec538261",
    "src/addons/FS/MediaTagSetting/_data/api_scopes.xml": "6793eaf758f140e8137187ba20e65f4faccf53410433ae3ad7a8b3b38cb6b3b7",
    "src/addons/FS/MediaTagSetting/_data/bb_codes.xml": "a0edc3b4976d4181249c7a1f9b508bd27ff17aeb6f56424a76aff41743d0216c",
    "src/addons/FS/MediaTagSetting/_data/bb_code_media_sites.xml": "29762987990187b33e43cfb68c08dc917b2d3f0176613d78f8e6c453f82da3f3",
    "src/addons/FS/MediaTagSetting/_data/class_extensions.xml": "18f5bf170ae8d6b80c5d6df2bbcd501f57b30507ec00c9be83078529242ee297",
    "src/addons/FS/MediaTagSetting/_data/code_events.xml": "8370dec3df47f91df4cf79da253446ad11b29f4ea568fe76c774e97a0379f0eb",
    "src/addons/FS/MediaTagSetting/_data/code_event_listeners.xml": "d6b5072f4909dee7a20ee9e44b163f95c8aa52e6ac7f573e292000cd9238c331",
    "src/addons/FS/MediaTagSetting/_data/content_type_fields.xml": "c7ad5472b28f465b7ac7617627707eba1b7a39d28089460d52e1ed292fc0b06a",
    "src/addons/FS/MediaTagSetting/_data/cron.xml": "323c4284742ef24329cd6db6f288eb9736d2353f36852e1db12591e1583aea26",
    "src/addons/FS/MediaTagSetting/_data/help_pages.xml": "a8a0c0b06cdc550438bc8a8d385af3e1e5ab3459877dfb934c1c31be59c89163",
    "src/addons/FS/MediaTagSetting/_data/member_stats.xml": "89fb2b93ff1eca7a1f6f752248edf6090dfd24037db1446fd18ff7143f08124d",
    "src/addons/FS/MediaTagSetting/_data/navigation.xml": "f75e1c03a45a360bbdfcd0567121665082315068475d5b0feb8b1acbb1688651",
    "src/addons/FS/MediaTagSetting/_data/options.xml": "e6bfffdd710e1dd2e983cd3b13fefc96f5e9d2464ce1cc2e1b1f14ed067d0264",
    "src/addons/FS/MediaTagSetting/_data/option_groups.xml": "63322771e9ef1c56e036516ccdf8850195522823f1cecb9e1a8721561c3ab2b3",
    "src/addons/FS/MediaTagSetting/_data/permissions.xml": "7e4fc7d5826733d15ea2d8936b9bdd41afcaad810eb38e50da3c8d8eafda1550",
    "src/addons/FS/MediaTagSetting/_data/permission_interface_groups.xml": "3177224e96458b829aa7fb24866dda9e0455a4922aee3d669b53f59a1ffdf5d1",
    "src/addons/FS/MediaTagSetting/_data/phrases.xml": "74fec7377fa4e7890a819b27d51594bc76938237a6f33e14cd9b4527d8793d8a",
    "src/addons/FS/MediaTagSetting/_data/routes.xml": "83664b17fb3636fbe90bae362fb391d3a744d963cd9a8952dee99e21db0222d7",
    "src/addons/FS/MediaTagSetting/_data/style_properties.xml": "8b8690a8512f01f219dd2da76e3d0c5f62afc1f317b87794a7331c859c36a7a8",
    "src/addons/FS/MediaTagSetting/_data/style_property_groups.xml": "68e1879cb3846c42d978487aa8d5145ff3335fc39e58016878824d5cf3fd684c",
    "src/addons/FS/MediaTagSetting/_data/templates.xml": "b62cc8739e4638e2f14de084783dfd38cac4128a3fd479ba5c8a5af910e0f1a9",
    "src/addons/FS/MediaTagSetting/_data/template_modifications.xml": "3b54b7df00a6a4a18c5e012b6e2588e35c23aaa13a5fc227f08646a97590d778",
    "src/addons/FS/MediaTagSetting/_data/widget_definitions.xml": "37e46965256430f24004c2e7f08ba08f9b0d1cbcc4d70e84b3f4e3ffb713e64b",
    "src/addons/FS/MediaTagSetting/_data/widget_positions.xml": "a29cee66134f6bc5d75ed9df1eef21096c24401915c5b5c774389c3d7bb2d5b3"
}