<?xml version="1.0" encoding="utf-8"?>
<template_modifications>
  <modification type="public" template="PAGE_CONTAINER" modification_key="gtf_above_notices" description="Position above notices" execution_order="10" enabled="1" action="preg_replace">
    <find><![CDATA[/<xf:if is="\$notices\.block">/isU]]></find>
    <replace><![CDATA[<xf:if is="property('gtf_positions') == 'above_notices'">
	<xf:include template="cxf_google_translate_forum" />
</xf:if>
	$0]]></replace>
  </modification>
  <modification type="public" template="PAGE_CONTAINER" modification_key="gtf_below_bottom_breadcrumbs" description="Position below bottom breadcrumbs" execution_order="10" enabled="1" action="preg_replace">
    <find><![CDATA[/<xf:ad position="container_breadcrumb_bottom_below" \/>/isU]]></find>
    <replace><![CDATA[$0
<xf:if is="property('gtf_positions') == 'below_bottom_breadcrumbs'">
	<xf:include template="cxf_google_translate_forum" />
</xf:if>]]></replace>
  </modification>
  <modification type="public" template="PAGE_CONTAINER" modification_key="gtf_below_notices" description="Position below notices" execution_order="10" enabled="1" action="preg_replace">
    <find><![CDATA[/<xf:ad position="container_breadcrumb_top_above" \/>/isU]]></find>
    <replace><![CDATA[<xf:if is="property('gtf_positions') == 'below_notices'">
	<xf:include template="cxf_google_translate_forum" />
</xf:if>
	$0]]></replace>
  </modification>
</template_modifications>
