<?xml version="1.0" encoding="utf-8"?>
<templates>
  <template type="public" title="cxf_google_translate_forum" version_id="1000010" version_string="1.0.0 Alpha"><![CDATA[<xf:css src="cxf_google_translate_forum.less" />
<div id="google_translate_element"></div>

<script type="text/javascript">
function googleTranslateElementInit() {
	new google.translate.TranslateElement({pageLanguage: 'en'<xf:if is="property('gtf_options') == 'SIMPLE'">, layout: google.translate.TranslateElement.InlineLayout.SIMPLE<xf:elseif is="property('gtf_options') == 'HORIZONTAL'" />, layout: google.translate.TranslateElement.InlineLayout.HORIZONTAL<xf:elseif is="property('gtf_options') == 'VERTICAL'" /></xf:if>}, 'google_translate_element');
}
</script>

<script type="text/javascript" src="//translate.google.com/translate_a/element.js?cb=googleTranslateElementInit"></script>]]></template>
  <template type="public" title="cxf_google_translate_forum.less" version_id="1000010" version_string="1.0.0 Alpha"><![CDATA[#google_translate_element {
	.xf-gtf_style();
}

.goog-te-gadget {
	<xf:if is="property('gtf_float') == 'left'">
	float: left;
	<xf:elseif is="property('gtf_float') == 'right'" />
	float: right;
	<xf:else />
	</xf:if>
}

.goog-te-banner-frame {
	z-index: 0 !important;
}]]></template>
</templates>
