<?xml version="1.0" encoding="utf-8"?>
<class_extensions>
  <extension from_class="ThemeHouse\Covers\Pub\Controller\Cover" to_class="nick97\TraktTV\ThemeHouse\Covers\Pub\Controller\Cover" execute_order="10" active="1"/>
  <extension from_class="XF\Admin\Controller\User" to_class="nick97\TraktTV\XF\Admin\Controller\User" execute_order="10" active="1"/>
  <extension from_class="XF\Entity\Forum" to_class="nick97\TraktTV\XF\Entity\Forum" execute_order="10" active="1"/>
  <extension from_class="XF\Entity\Node" to_class="nick97\TraktTV\XF\Entity\Node" execute_order="10" active="1"/>
  <extension from_class="XF\Entity\Post" to_class="nick97\TraktTV\XF\Entity\Post" execute_order="10" active="1"/>
  <extension from_class="XF\Entity\Thread" to_class="nick97\TraktTV\XF\Entity\Thread" execute_order="10" active="1"/>
  <extension from_class="XF\Entity\User" to_class="nick97\TraktTV\XF\Entity\User" execute_order="10" active="1"/>
  <extension from_class="XF\Entity\UserOption" to_class="nick97\TraktTV\XF\Entity\UserOption" execute_order="10" active="1"/>
  <extension from_class="XF\ForumType\Discussion" to_class="nick97\TraktTV\XF\ForumType\Discussion" execute_order="10" active="1"/>
  <extension from_class="XF\Pub\Controller\Account" to_class="nick97\TraktTV\XF\Pub\Controller\Account" execute_order="10" active="1"/>
  <extension from_class="XF\Pub\Controller\Forum" to_class="nick97\TraktTV\XF\Pub\Controller\Forum" execute_order="10" active="1"/>
  <extension from_class="XF\Pub\Controller\Post" to_class="nick97\TraktTV\XF\Pub\Controller\Post" execute_order="10" active="1"/>
  <extension from_class="XF\Pub\Controller\Thread" to_class="nick97\TraktTV\XF\Pub\Controller\Thread" execute_order="10" active="1"/>
  <extension from_class="XF\Repository\Post" to_class="nick97\TraktTV\XF\Repository\Post" execute_order="10" active="1"/>
  <extension from_class="XF\Search\Data\Post" to_class="nick97\TraktTV\XF\Search\Data\Post" execute_order="10" active="1"/>
  <extension from_class="XF\Search\Data\Thread" to_class="nick97\TraktTV\XF\Search\Data\Thread" execute_order="10" active="1"/>
  <extension from_class="XF\Service\Post\Preparer" to_class="nick97\TraktTV\XF\Service\Post\Preparer" execute_order="10" active="1"/>
  <extension from_class="XF\Service\Thread\Creator" to_class="nick97\TraktTV\XF\Service\Thread\Creator" execute_order="10" active="1"/>
  <extension from_class="XF\Service\Thread\Replier" to_class="nick97\TraktTV\XF\Service\Thread\Replier" execute_order="10" active="1"/>
  <extension from_class="XF\Tag\Thread" to_class="nick97\TraktTV\XF\Tag\Thread" execute_order="10" active="1"/>
</class_extensions>
