{
    "src/addons/FS/AutoForumManager/addon.json": "029cec0e3cb96c71539b78e002149104f970230b8e41a2966352060214052bbc",
    "src/addons/FS/AutoForumManager/Admin/Controller/AutoForumManager.php": "74705fc1f1e301f2d5725c1aec13327e52ba8cea881d05ca440340bebfb69d0c",
    "src/addons/FS/AutoForumManager/Admin/Controller/Login.php": "d6fa0582e30744f481918525b0803dae42001fd147b56d7e6b08d9f680ec774b",
    "src/addons/FS/AutoForumManager/Cron/AutoForumManagerCron.php": "920c16bd471b7d9e5442da1ebd7e2f0e8a4e9cae823da5e29533c3cf269ee755",
    "src/addons/FS/AutoForumManager/Entity/AutoForumManager.php": "2400b6bee42bdcba883fcea60344f033b9ab69670adc39d4d9058ad531eb17da",
    "src/addons/FS/AutoForumManager/Pub/Controller/Forum.php": "c77672b522d69729374454b40ff38d90748712820e217140f073f3fe91db8e6b",
    "src/addons/FS/AutoForumManager/Pub/Controller/Login.php": "1d7d80a4c2246d1327685e22038bdcf2011b647b50e4453cf12dafef4d654bab",
    "src/addons/FS/AutoForumManager/Service/AutoForumService.php": "afdbec1002c9d0b75de70b4840c559f59613ba041bed2848a66761cd5bdced2a",
    "src/addons/FS/AutoForumManager/Setup.php": "b7d8d4e4a93eb0c3760dea8d9a0fb26ea648db76ee647dc917cb8cad6d1dc5d4",
    "src/addons/FS/AutoForumManager/_data/activity_summary_definitions.xml": "99d8c2563a31320d66f958fc8bda78613545f5f7959bb3cf5318805e3a3c39d2",
    "src/addons/FS/AutoForumManager/_data/admin_navigation.xml": "6ad02c3a9d5f7600a4b116bef24488702c144ffcd9d4825224c246a8772de3d1",
    "src/addons/FS/AutoForumManager/_data/admin_permission.xml": "ec6fb97cebf0bceb24f1ed1d5778c1db54eeb7535fbb3e31d824840e7aa9ff87",
    "src/addons/FS/AutoForumManager/_data/advertising_positions.xml": "d2f7cbe844bb1df3cf878d22ff6306249245c8ff6b0b87b9b729744bec538261",
    "src/addons/FS/AutoForumManager/_data/api_scopes.xml": "6793eaf758f140e8137187ba20e65f4faccf53410433ae3ad7a8b3b38cb6b3b7",
    "src/addons/FS/AutoForumManager/_data/bb_codes.xml": "faa4ddd5f4a365e5ac39aebdcbe2d25aedf74e7eb9ea4a812766e2fd5e13bdb1",
    "src/addons/FS/AutoForumManager/_data/bb_code_media_sites.xml": "29762987990187b33e43cfb68c08dc917b2d3f0176613d78f8e6c453f82da3f3",
    "src/addons/FS/AutoForumManager/_data/class_extensions.xml": "47fc4a3650a11ceba47b626c0b4c875a2beb0fb36272449fd069d535cc23d193",
    "src/addons/FS/AutoForumManager/_data/code_events.xml": "8370dec3df47f91df4cf79da253446ad11b29f4ea568fe76c774e97a0379f0eb",
    "src/addons/FS/AutoForumManager/_data/code_event_listeners.xml": "d6b5072f4909dee7a20ee9e44b163f95c8aa52e6ac7f573e292000cd9238c331",
    "src/addons/FS/AutoForumManager/_data/content_type_fields.xml": "c7ad5472b28f465b7ac7617627707eba1b7a39d28089460d52e1ed292fc0b06a",
    "src/addons/FS/AutoForumManager/_data/cron.xml": "8f341a72eb3c7622c920f62c3c6ed0e06246fd7bfda43658d082ccad7067af92",
    "src/addons/FS/AutoForumManager/_data/help_pages.xml": "a8a0c0b06cdc550438bc8a8d385af3e1e5ab3459877dfb934c1c31be59c89163",
    "src/addons/FS/AutoForumManager/_data/member_stats.xml": "89fb2b93ff1eca7a1f6f752248edf6090dfd24037db1446fd18ff7143f08124d",
    "src/addons/FS/AutoForumManager/_data/navigation.xml": "f75e1c03a45a360bbdfcd0567121665082315068475d5b0feb8b1acbb1688651",
    "src/addons/FS/AutoForumManager/_data/options.xml": "1cea29aa5671733d85c8fc6f7c66128eacbca5643cbb38585eb82002879b51a4",
    "src/addons/FS/AutoForumManager/_data/option_groups.xml": "154d7a89664b243d0bd8227c22e241f934bf7e196c83230ee23d3c0c4fba1333",
    "src/addons/FS/AutoForumManager/_data/permissions.xml": "7e4fc7d5826733d15ea2d8936b9bdd41afcaad810eb38e50da3c8d8eafda1550",
    "src/addons/FS/AutoForumManager/_data/permission_interface_groups.xml": "3177224e96458b829aa7fb24866dda9e0455a4922aee3d669b53f59a1ffdf5d1",
    "src/addons/FS/AutoForumManager/_data/phrases.xml": "e1bac859724394a3ef9d0bcbc0d6c07601177f03111476718ce6c3af86975b3a",
    "src/addons/FS/AutoForumManager/_data/routes.xml": "1088d9421399939400d70cecf5f162b0f9271fa7ccc07913f719e7c42181d415",
    "src/addons/FS/AutoForumManager/_data/style_properties.xml": "8b8690a8512f01f219dd2da76e3d0c5f62afc1f317b87794a7331c859c36a7a8",
    "src/addons/FS/AutoForumManager/_data/style_property_groups.xml": "68e1879cb3846c42d978487aa8d5145ff3335fc39e58016878824d5cf3fd684c",
    "src/addons/FS/AutoForumManager/_data/templates.xml": "bd3fe7c8b9b4bf7fc4711d44a2686eafa11c6229d095884bb36d3b8fcf071776",
    "src/addons/FS/AutoForumManager/_data/template_modifications.xml": "3b54b7df00a6a4a18c5e012b6e2588e35c23aaa13a5fc227f08646a97590d778",
    "src/addons/FS/AutoForumManager/_data/widget_definitions.xml": "37e46965256430f24004c2e7f08ba08f9b0d1cbcc4d70e84b3f4e3ffb713e64b",
    "src/addons/FS/AutoForumManager/_data/widget_positions.xml": "a29cee66134f6bc5d75ed9df1eef21096c24401915c5b5c774389c3d7bb2d5b3"
}