{
    "src/addons/FS/QuestionAnswers/addon.json": "04bfcb67e7891f7a9136a6982ac4e1639d1ecd108adc93c1af0a33c3b985fcbd",
    "src/addons/FS/QuestionAnswers/FindNew/Answer.php": "0932b26a9d3e045817484c7760bb5118c551570f170e77950adf276f180b5e25",
    "src/addons/FS/QuestionAnswers/FindNew/Question.php": "61e814957f2cb49cdd050fbae0b79d36d5cb955b85ea6ab693675cd329082446",
    "src/addons/FS/QuestionAnswers/Helper.php": "548a44dc85d902fbf156ed363cc2346ac47912abad7db32acdcfbeafe60b9a18",
    "src/addons/FS/QuestionAnswers/Option/Forum.php": "931be3a15aed55761757cbe7baffffa56e402d4bbe8d9304cf128dc66ad64a56",
    "src/addons/FS/QuestionAnswers/Pub/Controller/WhatsNewAnswer.php": "04b6f1af557abd748e3ffa16180f0bc8863d666e7e05cf6f4d7e73c49868c3e2",
    "src/addons/FS/QuestionAnswers/Pub/Controller/WhatsNewQuestion.php": "88ef03491ffa74f40429c33c1a73f6141b59a3157984a42f25f75cb3cbf405c6",
    "src/addons/FS/QuestionAnswers/Search/Data/Answer.php": "ec80625a40b8d07929000056be802dd2986deae656de9d647f000c179815ceef",
    "src/addons/FS/QuestionAnswers/Search/Data/QuestionAnswer.php": "4413f9a15e4de010aa09b8119f89dcad9d186dd6c34f587165038f145b5f3ce5",
    "src/addons/FS/QuestionAnswers/Setup.php": "4ee48c551172abd4fa0930eceb5054297f6277991528206f8fdc76580e054f32",
    "src/addons/FS/QuestionAnswers/XF/Admin/Controller/Option.php": "3e02d2b7a55e0066e69e11d844e8b8eb965d10576a19ead1cedd34e56aea2d4f",
    "src/addons/FS/QuestionAnswers/XF/Entity/Forum.php": "be0e030839df4a1ffed8c0eb89dda225fee2f3032281976914f1b21d5ddce6bc",
    "src/addons/FS/QuestionAnswers/XF/Entity/Thread.php": "e2dca1a7c5ded2621fcd94030590275d1c22037711c9f5fe750a32350830b12d",
    "src/addons/FS/QuestionAnswers/XF/Entity/User.php": "87b72ec21ef2855d428fb3c69ab2e51cc29fe06fbfcafff2bd0a62ca33e73bd7",
    "src/addons/FS/QuestionAnswers/XF/Pub/Controller/Forum.php": "69fe33400974a3075c23855c93a746d072f0b5639c48d3c99d07093d337b11d0",
    "src/addons/FS/QuestionAnswers/XF/Pub/Controller/Search.php": "f347249c5418bc922d8431c34a7ce66305d45de886bacae2959a2f69f9344139",
    "src/addons/FS/QuestionAnswers/_data/activity_summary_definitions.xml": "99d8c2563a31320d66f958fc8bda78613545f5f7959bb3cf5318805e3a3c39d2",
    "src/addons/FS/QuestionAnswers/_data/admin_navigation.xml": "064ec797484ac00d5ee37367b50b06846d11f480d00550997712707f8fdac8c0",
    "src/addons/FS/QuestionAnswers/_data/admin_permission.xml": "ec6fb97cebf0bceb24f1ed1d5778c1db54eeb7535fbb3e31d824840e7aa9ff87",
    "src/addons/FS/QuestionAnswers/_data/advertising_positions.xml": "d2f7cbe844bb1df3cf878d22ff6306249245c8ff6b0b87b9b729744bec538261",
    "src/addons/FS/QuestionAnswers/_data/api_scopes.xml": "6793eaf758f140e8137187ba20e65f4faccf53410433ae3ad7a8b3b38cb6b3b7",
    "src/addons/FS/QuestionAnswers/_data/bb_codes.xml": "faa4ddd5f4a365e5ac39aebdcbe2d25aedf74e7eb9ea4a812766e2fd5e13bdb1",
    "src/addons/FS/QuestionAnswers/_data/bb_code_media_sites.xml": "29762987990187b33e43cfb68c08dc917b2d3f0176613d78f8e6c453f82da3f3",
    "src/addons/FS/QuestionAnswers/_data/class_extensions.xml": "b21accebffc03606e3bcf5e09ca5aa3ad1e5f2242debc6c00a05c9b4156b5aae",
    "src/addons/FS/QuestionAnswers/_data/code_events.xml": "8370dec3df47f91df4cf79da253446ad11b29f4ea568fe76c774e97a0379f0eb",
    "src/addons/FS/QuestionAnswers/_data/code_event_listeners.xml": "d6b5072f4909dee7a20ee9e44b163f95c8aa52e6ac7f573e292000cd9238c331",
    "src/addons/FS/QuestionAnswers/_data/content_type_fields.xml": "6df56c88e85e184eb1dfe06aad565a09c97b2f03665c7b06e081ba1882c0fde2",
    "src/addons/FS/QuestionAnswers/_data/cron.xml": "323c4284742ef24329cd6db6f288eb9736d2353f36852e1db12591e1583aea26",
    "src/addons/FS/QuestionAnswers/_data/help_pages.xml": "a8a0c0b06cdc550438bc8a8d385af3e1e5ab3459877dfb934c1c31be59c89163",
    "src/addons/FS/QuestionAnswers/_data/member_stats.xml": "89fb2b93ff1eca7a1f6f752248edf6090dfd24037db1446fd18ff7143f08124d",
    "src/addons/FS/QuestionAnswers/_data/navigation.xml": "f5a2ca90891133737da6c347e23743951bd80809b1e32881fe2436bfab37bf57",
    "src/addons/FS/QuestionAnswers/_data/options.xml": "0c336b35874cee8a133e3ecebbce1c0a20b5865d076d905d772936e57e4206b7",
    "src/addons/FS/QuestionAnswers/_data/option_groups.xml": "131c189d35e101a1b9c23eb7c04fd50683f9fd2bb45c5909ed84b09616130bd4",
    "src/addons/FS/QuestionAnswers/_data/permissions.xml": "7e4fc7d5826733d15ea2d8936b9bdd41afcaad810eb38e50da3c8d8eafda1550",
    "src/addons/FS/QuestionAnswers/_data/permission_interface_groups.xml": "3177224e96458b829aa7fb24866dda9e0455a4922aee3d669b53f59a1ffdf5d1",
    "src/addons/FS/QuestionAnswers/_data/phrases.xml": "e2d19216123b7e095a84a0df165f48e23a9146babfe3c33a1e1b949758a7cad5",
    "src/addons/FS/QuestionAnswers/_data/routes.xml": "b1207cdbd9ae2a25ef7ebeff7361127d3f413a0e2c0f73efb9f32dddea738d6e",
    "src/addons/FS/QuestionAnswers/_data/style_properties.xml": "8b8690a8512f01f219dd2da76e3d0c5f62afc1f317b87794a7331c859c36a7a8",
    "src/addons/FS/QuestionAnswers/_data/style_property_groups.xml": "68e1879cb3846c42d978487aa8d5145ff3335fc39e58016878824d5cf3fd684c",
    "src/addons/FS/QuestionAnswers/_data/templates.xml": "279f9513ea8527c04ae0613621f1d0ffda7d60e8a5439a128a3424d57b2c899e",
    "src/addons/FS/QuestionAnswers/_data/template_modifications.xml": "db155f86398a433da5fa169b7521c616578e6541d9923c15d3bf1fec001568f5",
    "src/addons/FS/QuestionAnswers/_data/widget_definitions.xml": "37e46965256430f24004c2e7f08ba08f9b0d1cbcc4d70e84b3f4e3ffb713e64b",
    "src/addons/FS/QuestionAnswers/_data/widget_positions.xml": "a29cee66134f6bc5d75ed9df1eef21096c24401915c5b5c774389c3d7bb2d5b3"
}