<?xml version="1.0" encoding="utf-8"?>
<phrases>
  <phrase title="fs_attachment_required" version_id="1000010" version_string="1.0.0 Alpha"><![CDATA[Attachment Required...!]]></phrase>
  <phrase title="option.ca_applicable_forum" version_id="1000010" version_string="1.0.0 Alpha"><![CDATA[Applicable forums]]></phrase>
  <phrase title="option_explain.ca_applicable_forum" version_id="1000010" version_string="1.0.0 Alpha"><![CDATA[Select forums for check attachmnt.]]></phrase>
  <phrase title="option_group.checkAttachment" version_id="1000010" version_string="1.0.0 Alpha"><![CDATA[[FS] Check Attachment]]></phrase>
  <phrase title="option_group_description.checkAttachment" version_id="1000010" version_string="1.0.0 Alpha"><![CDATA[For check attachments exist or not.]]></phrase>
</phrases>
