<?xml version="1.0" encoding="utf-8"?>
<options>
  <option option_id="fs_escrow_admin_Id" edit_format="textbox" data_type="integer">
    <default_value>1</default_value>
    <relation group_id="fsEscrow" display_order="1"/>
  </option>
  <option option_id="fs_escrow_admin_percentage" edit_format="textbox" data_type="integer">
    <default_value>0</default_value>
    <relation group_id="fsEscrow" display_order="1"/>
  </option>
  <option option_id="fs_escrow_applicable_forum" edit_format="textbox" data_type="integer">
    <default_value>0</default_value>
    <relation group_id="fsEscrow" display_order="1"/>
  </option>
</options>
