{
    "src/addons/FS/CRUD/addon.json": "ae73e805cb7fba056bfc5fefae9fa132ec0317e741268f20d7d4c550afeda86f",
    "src/addons/FS/CRUD/Admin/Controller/Crud.php": "343131a86065d9dd7663d9d74aa20e04497ca08e29fc72da725c09f2a78180ae",
    "src/addons/FS/CRUD/Entity/Crud.php": "876c3e12217142f51180264a58cb015b6e08f80ac6200ae4e3c9e4c3c9988101",
    "src/addons/FS/CRUD/Install/Data/MySql.php": "73a10b4a8d35735b3c022d08f73cd3a8605c2ebbf2f338817b9bdf8f815135a3",
    "src/addons/FS/CRUD/Setup.php": "740247413b34c8dd652b2132985b4a69cf2e6b06ec8f37b69481115779da41c1",
    "src/addons/FS/CRUD/_data/activity_summary_definitions.xml": "99d8c2563a31320d66f958fc8bda78613545f5f7959bb3cf5318805e3a3c39d2",
    "src/addons/FS/CRUD/_data/admin_navigation.xml": "234e8b187194898b3f30227fd61223423a6c794865be674521763565fdeaf3aa",
    "src/addons/FS/CRUD/_data/admin_permission.xml": "ec6fb97cebf0bceb24f1ed1d5778c1db54eeb7535fbb3e31d824840e7aa9ff87",
    "src/addons/FS/CRUD/_data/advertising_positions.xml": "d2f7cbe844bb1df3cf878d22ff6306249245c8ff6b0b87b9b729744bec538261",
    "src/addons/FS/CRUD/_data/api_scopes.xml": "6793eaf758f140e8137187ba20e65f4faccf53410433ae3ad7a8b3b38cb6b3b7",
    "src/addons/FS/CRUD/_data/bb_codes.xml": "faa4ddd5f4a365e5ac39aebdcbe2d25aedf74e7eb9ea4a812766e2fd5e13bdb1",
    "src/addons/FS/CRUD/_data/bb_code_media_sites.xml": "29762987990187b33e43cfb68c08dc917b2d3f0176613d78f8e6c453f82da3f3",
    "src/addons/FS/CRUD/_data/class_extensions.xml": "1f548b8006e9952a3f5889f71e09fdfa6726ac1a47c1af7b2626d1a88920d5a4",
    "src/addons/FS/CRUD/_data/code_events.xml": "8370dec3df47f91df4cf79da253446ad11b29f4ea568fe76c774e97a0379f0eb",
    "src/addons/FS/CRUD/_data/code_event_listeners.xml": "d6b5072f4909dee7a20ee9e44b163f95c8aa52e6ac7f573e292000cd9238c331",
    "src/addons/FS/CRUD/_data/content_type_fields.xml": "c7ad5472b28f465b7ac7617627707eba1b7a39d28089460d52e1ed292fc0b06a",
    "src/addons/FS/CRUD/_data/cron.xml": "323c4284742ef24329cd6db6f288eb9736d2353f36852e1db12591e1583aea26",
    "src/addons/FS/CRUD/_data/help_pages.xml": "a8a0c0b06cdc550438bc8a8d385af3e1e5ab3459877dfb934c1c31be59c89163",
    "src/addons/FS/CRUD/_data/member_stats.xml": "89fb2b93ff1eca7a1f6f752248edf6090dfd24037db1446fd18ff7143f08124d",
    "src/addons/FS/CRUD/_data/navigation.xml": "f75e1c03a45a360bbdfcd0567121665082315068475d5b0feb8b1acbb1688651",
    "src/addons/FS/CRUD/_data/options.xml": "1cea29aa5671733d85c8fc6f7c66128eacbca5643cbb38585eb82002879b51a4",
    "src/addons/FS/CRUD/_data/option_groups.xml": "154d7a89664b243d0bd8227c22e241f934bf7e196c83230ee23d3c0c4fba1333",
    "src/addons/FS/CRUD/_data/permissions.xml": "7e4fc7d5826733d15ea2d8936b9bdd41afcaad810eb38e50da3c8d8eafda1550",
    "src/addons/FS/CRUD/_data/permission_interface_groups.xml": "3177224e96458b829aa7fb24866dda9e0455a4922aee3d669b53f59a1ffdf5d1",
    "src/addons/FS/CRUD/_data/phrases.xml": "5c2f2b82e46db5001b70a0d168065381438a21bb43699cda95f5f4dd1738dcde",
    "src/addons/FS/CRUD/_data/routes.xml": "498010df2f0fb91cd1eec2e7e5b2b39084bd6d8a6a36ee736ae0edd867aaad82",
    "src/addons/FS/CRUD/_data/style_properties.xml": "8b8690a8512f01f219dd2da76e3d0c5f62afc1f317b87794a7331c859c36a7a8",
    "src/addons/FS/CRUD/_data/style_property_groups.xml": "68e1879cb3846c42d978487aa8d5145ff3335fc39e58016878824d5cf3fd684c",
    "src/addons/FS/CRUD/_data/templates.xml": "3ea7d7f71b708d6e988c492b10c0beccef8c68632a30af21d3a51dfe730a8614",
    "src/addons/FS/CRUD/_data/template_modifications.xml": "3b54b7df00a6a4a18c5e012b6e2588e35c23aaa13a5fc227f08646a97590d778",
    "src/addons/FS/CRUD/_data/widget_definitions.xml": "37e46965256430f24004c2e7f08ba08f9b0d1cbcc4d70e84b3f4e3ffb713e64b",
    "src/addons/FS/CRUD/_data/widget_positions.xml": "a29cee66134f6bc5d75ed9df1eef21096c24401915c5b5c774389c3d7bb2d5b3"
}