<?xml version="1.0" encoding="utf-8"?>
<template_modifications>
  <modification type="admin" template="dbtech_ecommerce_coupon_edit" modification_key="fs_multi_coupons_insertion" description="Used for multiple insertion of coupons at the same time using a single field." execution_order="10" enabled="1" action="str_replace">
    <find><![CDATA[<xf:textboxrow name="coupon_code" value="{$coupon.coupon_code}"  maxlength="{{ max_length('DBTech\eCommerce:Coupon', 'coupon_code') }}"
				label="{{ phrase('dbtech_ecommerce_coupon_code') }}" />]]></find>
    <replace><![CDATA[<xf:if is="$coupon.coupon_code">
	<xf:textboxrow name="coupon_code" value="{$coupon.coupon_code}"  maxlength="{{ max_length('DBTech\eCommerce:Coupon', 'coupon_code') }}"
				label="{{ phrase('dbtech_ecommerce_coupon_code') }}" />
<xf:else />
	<xf:textarearow name="multi_coupons_code" autosize="true"
				label="{{ phrase('fs_multi_coupon') }}"
				explain="{{ phrase('fs_enter_multiple_values') }}" />
</xf:if>]]></replace>
  </modification>
</template_modifications>
