<?xml version="1.0" encoding="utf-8"?>
<options>
  <option option_id="traktMovieThreads_apikey" edit_format="textbox" data_type="string">
    <default_value></default_value>
    <relation group_id="traktMovies" display_order="1"/>
  </option>
  <option option_id="traktthreads_apikey" edit_format="textbox" data_type="string">
    <default_value></default_value>
    <relation group_id="traktMovies" display_order="1"/>
  </option>
  <option option_id="traktthreads_backdropCoverSize" edit_format="select" data_type="string">
    <default_value>none</default_value>
    <edit_format_params>none={{ phrase('none') }}
original=original
w1920_and_h800_multi_faces=w1920_and_h800_multi_faces
w1400_and_h450_face=w1400_and_h450_face</edit_format_params>
    <relation group_id="traktMovies" display_order="3150"/>
  </option>
  <option option_id="traktthreads_castsLimit" edit_format="spinbox" data_type="integer">
    <default_value>30</default_value>
    <relation group_id="traktMovies" display_order="1100"/>
  </option>
  <option option_id="traktthreads_cdn_path" edit_format="textbox" data_type="string">
    <default_value></default_value>
    <relation group_id="traktMovies" display_order="3020"/>
  </option>
  <option option_id="traktthreads_changesLanguage" edit_format="textbox" data_type="string">
    <default_value>en</default_value>
    <relation group_id="traktMovies" display_order="129"/>
  </option>
  <option option_id="traktthreads_companiesLimit" edit_format="spinbox" data_type="unsigned_integer">
    <default_value>10</default_value>
    <edit_format_params>min=0</edit_format_params>
    <relation group_id="traktMovies" display_order="1103"/>
  </option>
  <option option_id="traktthreads_crewLimit" edit_format="spinbox" data_type="integer">
    <default_value>30</default_value>
    <relation group_id="traktMovies" display_order="1101"/>
  </option>
  <option option_id="traktthreads_crosslink" edit_format="onoff" data_type="boolean">
    <default_value>0</default_value>
    <relation group_id="traktMovies" display_order="110"/>
  </option>
  <option option_id="traktthreads_fetchCompanies" edit_format="onoff" data_type="boolean">
    <default_value>1</default_value>
    <relation group_id="traktMovies" display_order="124"/>
  </option>
  <option option_id="traktthreads_fetchCredits" edit_format="onoff" data_type="boolean">
    <default_value>1</default_value>
    <relation group_id="traktMovies" display_order="122"/>
  </option>
  <option option_id="traktthreads_fetchVideos" edit_format="onoff" data_type="boolean">
    <default_value>1</default_value>
    <relation group_id="traktMovies" display_order="121"/>
  </option>
  <option option_id="traktthreads_force_comments" edit_format="onoff" data_type="boolean">
    <default_value>0</default_value>
    <relation group_id="traktMovies" display_order="395"/>
  </option>
  <option option_id="traktthreads_forum_local" edit_format="onoff" data_type="boolean">
    <default_value>1</default_value>
    <relation group_id="traktMovies" display_order="3000"/>
  </option>
  <option option_id="traktthreads_language" edit_format="textbox" data_type="string" validation_class="nick97\TraktMovies\Option\Language" validation_method="verifyOption">
    <default_value>en</default_value>
    <edit_format_params>size=5
maxlength=5</edit_format_params>
    <relation group_id="traktMovies" display_order="10"/>
  </option>
  <option option_id="traktthreads_largeCompanyLogoSize" edit_format="select" data_type="string">
    <default_value>original</default_value>
    <edit_format_params>original=original
h50=h50
h100=h100</edit_format_params>
    <relation group_id="traktMovies" display_order="3140"/>
  </option>
  <option option_id="traktthreads_largePosterSize" edit_format="select" data_type="string">
    <default_value>w185</default_value>
    <edit_format_params>w92=w92
w154=w154
w185= w185
w342=w342
w500=w500
w780=w780
original=original</edit_format_params>
    <relation group_id="traktMovies" display_order="3110"/>
  </option>
  <option option_id="traktthreads_replaceSearchTemplate" edit_format="onoff" data_type="boolean">
    <default_value>0</default_value>
    <relation group_id="traktMovies" display_order="1020"/>
  </option>
  <option option_id="traktthreads_showThreadInfo" edit_format="checkbox" data_type="array">
    <default_value>{"title":1,"tagline":1,"genres":1,"director":1,"cast":1,"release_date":1,"status":1,"runtime":1,"plot":1,"production_companies":1,"trailer":1,"cast_tab":1,"crew_tab":1,"videos_tab":1}</default_value>
    <edit_format_params>title={{ phrase('snog_movies_title') }}
tagline={{ phrase('snog_movies_tagline') }}
genres={{ phrase('snog_movies_genres') }}
director={{ phrase('snog_movies_director') }}
cast={{ phrase('snog_movies_cast') }}
status={{ phrase('snog_movies_status') }}
release_date={{ phrase('snog_movies_release_date') }}
runtime={{ phrase('snog_movies_runtime') }}
plot={{ phrase('snog_movies_plot') }}
production_companies={{ phrase('snog_movies_production_companies') }}
trailer={{ phrase('snog_movies_trailer') }}
cast_tab={{ phrase('snog_movies_cast_tab') }}
crew_tab={{ phrase('snog_movies_crew_tab') }}
videos_tab={{ phrase('snog_movies_videos') }}</edit_format_params>
    <sub_options>*</sub_options>
    <relation group_id="traktMovies" display_order="1010"/>
  </option>
  <option option_id="traktthreads_smallCompanyLogoWidth" edit_format="spinbox" data_type="unsigned_integer">
    <default_value>50</default_value>
    <edit_format_params>units={{ phrase('units_pixels') }}
min=0</edit_format_params>
    <relation group_id="traktMovies" display_order="3120"/>
  </option>
  <option option_id="traktthreads_smallPosterWidth" edit_format="spinbox" data_type="unsigned_integer">
    <default_value>92</default_value>
    <edit_format_params>units={{ phrase('units_pixels') }}
min=0</edit_format_params>
    <relation group_id="traktMovies" display_order="3100"/>
  </option>
  <option option_id="traktthreads_syncTitle" edit_format="onoff" data_type="boolean">
    <default_value>1</default_value>
    <relation group_id="traktMovies" display_order="130"/>
  </option>
  <option option_id="traktthreads_threadListInfo" edit_format="checkbox" data_type="array">
    <default_value>{"title":"1","tagline":"genres","director":"1","runtime":"1","status":"1","release_date":1}</default_value>
    <edit_format_params>title={{ phrase('title') }}
tagline={{ phrase('snog_movies_tagline') }}
genres={{ phrase('snog_movies_genre') }}
director={{ phrase('snog_movies_director') }}
runtime={{ phrase('snog_movies_runtime') }}
status={{ phrase('snog_movies_status') }}
release_date ={{ phrase('snog_movies_release') }}</edit_format_params>
    <sub_options>*</sub_options>
    <relation group_id="traktMovies" display_order="1000"/>
  </option>
  <option option_id="traktthreads_trackChanges" edit_format="onoff" data_type="boolean">
    <default_value>0</default_value>
    <relation group_id="traktMovies" display_order="127"/>
  </option>
  <option option_id="traktthreads_trackChangesPeriod" edit_format="spinbox" data_type="positive_integer">
    <default_value>1</default_value>
    <edit_format_params>units={{ phrase('units_days') }}</edit_format_params>
    <relation group_id="traktMovies" display_order="129"/>
  </option>
  <option option_id="traktthreads_use_genres" edit_format="onoff" data_type="boolean">
    <default_value>0</default_value>
    <relation group_id="traktMovies" display_order="100"/>
  </option>
  <option option_id="traktthreads_use_rating" edit_format="onoff" data_type="boolean">
    <default_value>0</default_value>
    <relation group_id="traktMovies" display_order="120"/>
  </option>
  <option option_id="traktthreads_usecdn" edit_format="onoff" data_type="boolean">
    <default_value>0</default_value>
    <relation group_id="traktMovies" display_order="3010"/>
  </option>
  <option option_id="traktthreads_useyear" edit_format="onoff" data_type="boolean">
    <default_value>0</default_value>
    <relation group_id="traktMovies" display_order="390"/>
  </option>
  <option option_id="traktthreads_videoLimit" edit_format="spinbox" data_type="integer">
    <default_value>10</default_value>
    <relation group_id="traktMovies" display_order="1102"/>
  </option>
  <option option_id="traktthreads_watchProviderRegion" edit_format="callback" data_type="string">
    <default_value></default_value>
    <edit_format_params>nick97\TraktMovies\Option\Country::renderSelect</edit_format_params>
    <relation group_id="traktMovies" display_order="801"/>
  </option>
  <option option_id="traktthreads_watchProviderRegions" edit_format="callback" data_type="array">
    <default_value>["US"]</default_value>
    <edit_format_params>nick97\TraktMovies\Option\Country::renderSelectMultiple</edit_format_params>
    <sub_options>*</sub_options>
    <relation group_id="traktMovies" display_order="800"/>
  </option>
</options>
