<?xml version="1.0" encoding="utf-8"?>
<template_modifications>
  <modification type="public" template="register_form" modification_key="fs_registration_add_confirm_password_form" description="fs_registration_add_confirm_password_form" execution_order="10" enabled="1" action="str_replace">
    <find><![CDATA[<xf:passwordboxrow name="{{ $regForm.getFieldName('password') }}" autocomplete="new-password"
				label="{{ phrase('password') }}"
				hint="{{ phrase('required') }}"
				required="required" checkstrength="true" />]]></find>
    <replace><![CDATA[$0

<xf:passwordboxrow name="password_confirm" autocomplete="new-password"
							   label="{{ phrase('confirm_new_password') }}" 
							   hint="{{ phrase('required') }}" 
							   required="required"/>]]></replace>
  </modification>
</template_modifications>
