{
    "src/addons/FS/ThreadThumbnail/addon.json": "f43b80557517048a8e9a53fd226628cac7959a58d42d463d2a8e1a0c46853dc5",
    "src/addons/FS/ThreadThumbnail/Service/Upload.php": "b859bcde2d33bdf276cbc0fa1c443439582afa7d7053b850327534cd7a57a0fd",
    "src/addons/FS/ThreadThumbnail/Setup.php": "71a5ff1db1e2ccbd0ba0a56da0034bea3e68924be0bb7242d3215a269ec0f0f5",
    "src/addons/FS/ThreadThumbnail/XF/Entity/Forum.php": "04502d7e0c2ed6638ed7d3ec5c4a6ab64693182c9b38b837eb41638cc5820491",
    "src/addons/FS/ThreadThumbnail/XF/Entity/Thread.php": "419c4997f17c68812e35711e4bc2e0fff0e470c701e7017a008326ad15f9e543",
    "src/addons/FS/ThreadThumbnail/XF/Entity/User.php": "9465267130bc77a8851fe46d8b565972f7109e88aae5575dc0cd718b3ff9b0dd",
    "src/addons/FS/ThreadThumbnail/XF/Pub/Controller/Thread.php": "d3ca50e8a53be44fe9dfceb43898c50ff22e9f9f45779406398b9dad9544f5aa",
    "src/addons/FS/ThreadThumbnail/_data/activity_summary_definitions.xml": "99d8c2563a31320d66f958fc8bda78613545f5f7959bb3cf5318805e3a3c39d2",
    "src/addons/FS/ThreadThumbnail/_data/admin_navigation.xml": "064ec797484ac00d5ee37367b50b06846d11f480d00550997712707f8fdac8c0",
    "src/addons/FS/ThreadThumbnail/_data/admin_permission.xml": "ec6fb97cebf0bceb24f1ed1d5778c1db54eeb7535fbb3e31d824840e7aa9ff87",
    "src/addons/FS/ThreadThumbnail/_data/advertising_positions.xml": "d2f7cbe844bb1df3cf878d22ff6306249245c8ff6b0b87b9b729744bec538261",
    "src/addons/FS/ThreadThumbnail/_data/api_scopes.xml": "6793eaf758f140e8137187ba20e65f4faccf53410433ae3ad7a8b3b38cb6b3b7",
    "src/addons/FS/ThreadThumbnail/_data/bb_codes.xml": "faa4ddd5f4a365e5ac39aebdcbe2d25aedf74e7eb9ea4a812766e2fd5e13bdb1",
    "src/addons/FS/ThreadThumbnail/_data/bb_code_media_sites.xml": "29762987990187b33e43cfb68c08dc917b2d3f0176613d78f8e6c453f82da3f3",
    "src/addons/FS/ThreadThumbnail/_data/class_extensions.xml": "84bd20fd9bbbab0d6ae913c97130d23b84122a7d8a9c536f2e2a7381e1efc2ce",
    "src/addons/FS/ThreadThumbnail/_data/code_events.xml": "8370dec3df47f91df4cf79da253446ad11b29f4ea568fe76c774e97a0379f0eb",
    "src/addons/FS/ThreadThumbnail/_data/code_event_listeners.xml": "d6b5072f4909dee7a20ee9e44b163f95c8aa52e6ac7f573e292000cd9238c331",
    "src/addons/FS/ThreadThumbnail/_data/content_type_fields.xml": "c7ad5472b28f465b7ac7617627707eba1b7a39d28089460d52e1ed292fc0b06a",
    "src/addons/FS/ThreadThumbnail/_data/cron.xml": "323c4284742ef24329cd6db6f288eb9736d2353f36852e1db12591e1583aea26",
    "src/addons/FS/ThreadThumbnail/_data/help_pages.xml": "a8a0c0b06cdc550438bc8a8d385af3e1e5ab3459877dfb934c1c31be59c89163",
    "src/addons/FS/ThreadThumbnail/_data/member_stats.xml": "89fb2b93ff1eca7a1f6f752248edf6090dfd24037db1446fd18ff7143f08124d",
    "src/addons/FS/ThreadThumbnail/_data/navigation.xml": "f75e1c03a45a360bbdfcd0567121665082315068475d5b0feb8b1acbb1688651",
    "src/addons/FS/ThreadThumbnail/_data/options.xml": "668345e7ae00bd4dfa2137f70daf776910348bb9869260f6fcdf0631b267bc0d",
    "src/addons/FS/ThreadThumbnail/_data/option_groups.xml": "8a6dc74c017f92bc52173ebd306bca8a0686955a08f493796487edcc79f10a48",
    "src/addons/FS/ThreadThumbnail/_data/permissions.xml": "623847a72518c7565300ae53b29f2fc6e91cb42800c023f8160349da74cf26f9",
    "src/addons/FS/ThreadThumbnail/_data/permission_interface_groups.xml": "8e0e8d50db9726fc9e6ad9bacc033158d1a4a9058a169646fb7e7418d6bded6b",
    "src/addons/FS/ThreadThumbnail/_data/phrases.xml": "7cb0c3e58dac04781a77c0b3e39a92c07cb719a95e5f5bffbf5708154b96faa5",
    "src/addons/FS/ThreadThumbnail/_data/routes.xml": "550fa64f9feedf137dd877b38c2684f94474619d2d83890dbb717a91b50da8f5",
    "src/addons/FS/ThreadThumbnail/_data/style_properties.xml": "8b8690a8512f01f219dd2da76e3d0c5f62afc1f317b87794a7331c859c36a7a8",
    "src/addons/FS/ThreadThumbnail/_data/style_property_groups.xml": "68e1879cb3846c42d978487aa8d5145ff3335fc39e58016878824d5cf3fd684c",
    "src/addons/FS/ThreadThumbnail/_data/templates.xml": "1a094b76254db2612ad13ae04b7d16b6cbb9f9ddb53c7ebca7bfd30dc56b3f18",
    "src/addons/FS/ThreadThumbnail/_data/template_modifications.xml": "3f6518effb512c54300c0b1110064f72a4c02639fb542028983e169c6e41e933",
    "src/addons/FS/ThreadThumbnail/_data/widget_definitions.xml": "37e46965256430f24004c2e7f08ba08f9b0d1cbcc4d70e84b3f4e3ffb713e64b",
    "src/addons/FS/ThreadThumbnail/_data/widget_positions.xml": "a29cee66134f6bc5d75ed9df1eef21096c24401915c5b5c774389c3d7bb2d5b3",
    "styles/FS/ThreadThumbnail/no_image.png": "c633d11188783aab0873c25bae5e9d397883c3b1b89c27aab763ba62f1d04bbf"
}