{
    "data/assets/trakt_tv_cast/no-photo-large.jpg": "b6d722a3de99dc1deac61fbf319e9e5fc383704deaa404d2d3a277eea9a1df58",
    "data/assets/trakt_tv_cast/no-photo-small.jpg": "739511112e2e67499128197bdefd28f51b32d31ec5ca7d7b0475a286693a5c77",
    "data/assets/trakt_tv_crew/no-photo-large.jpg": "b6d722a3de99dc1deac61fbf319e9e5fc383704deaa404d2d3a277eea9a1df58",
    "data/assets/trakt_tv_crew/no-photo-small.jpg": "739511112e2e67499128197bdefd28f51b32d31ec5ca7d7b0475a286693a5c77",
    "src/addons/nick97/TraktTV/addon.json": "7029f122dad4802bcabb74d8ac076efbbcb32ef1af5b431809f292df87b27ee7",
    "src/addons/nick97/TraktTV/Cron/EpisodeUpdate.php": "e8aec236c812cf327befed9b4ad287155c767d6b79969203f65536599eb1453b",
    "src/addons/nick97/TraktTV/Cron/TvChanges.php": "a0089575b23555ee8e021cd0f93eb806de6d28881219173ca97adf62e09ff030",
    "src/addons/nick97/TraktTV/Cron/TvWatchProviderUpdate.php": "3ced16cd0d87d248a7ee2c6dba324938755a28be9695479108b16ef0b50fa81c",
    "src/addons/nick97/TraktTV/Data/Country.php": "71557577a7b87e11c9b8dc1feaf22705389e9e12646b73060c6c8b3752e36cb9",
    "src/addons/nick97/TraktTV/defaultdata/EpisodePosters/index.html": "36a9e7f1c95b82ffb99743e0c5c4ce95d83c9a430aac59f84ef3cbfab6145068",
    "src/addons/nick97/TraktTV/defaultdata/EpisodePosters/no-poster.png": "9dad54ba10de8abbb8e56208c255ec2d6f1c3082744197a72cb900597c5916ee",
    "src/addons/nick97/TraktTV/defaultdata/ForumPosters/index.html": "36a9e7f1c95b82ffb99743e0c5c4ce95d83c9a430aac59f84ef3cbfab6145068",
    "src/addons/nick97/TraktTV/defaultdata/ForumPosters/no-poster.png": "9040eb8e7908d6e035a78c489ca3ada7abfa09f3249ceeba552bec66a3d5604e",
    "src/addons/nick97/TraktTV/defaultdata/index.html": "36a9e7f1c95b82ffb99743e0c5c4ce95d83c9a430aac59f84ef3cbfab6145068",
    "src/addons/nick97/TraktTV/defaultdata/LargePosters/index.html": "36a9e7f1c95b82ffb99743e0c5c4ce95d83c9a430aac59f84ef3cbfab6145068",
    "src/addons/nick97/TraktTV/defaultdata/LargePosters/no-poster.png": "88ab3ad486f670336910372744297b340bcf6f43278949e6559c6510ec49f0a4",
    "src/addons/nick97/TraktTV/defaultdata/SeasonPosters/index.html": "36a9e7f1c95b82ffb99743e0c5c4ce95d83c9a430aac59f84ef3cbfab6145068",
    "src/addons/nick97/TraktTV/defaultdata/SeasonPosters/no-poster.png": "9040eb8e7908d6e035a78c489ca3ada7abfa09f3249ceeba552bec66a3d5604e",
    "src/addons/nick97/TraktTV/defaultdata/SmallPosters/index.html": "36a9e7f1c95b82ffb99743e0c5c4ce95d83c9a430aac59f84ef3cbfab6145068",
    "src/addons/nick97/TraktTV/defaultdata/SmallPosters/no-poster.png": "9040eb8e7908d6e035a78c489ca3ada7abfa09f3249ceeba552bec66a3d5604e",
    "src/addons/nick97/TraktTV/Entity/Cast.php": "0e09d1a0f248777116c3cc66ab663a46ec337f2450841f739e9c59f88d4a4fc0",
    "src/addons/nick97/TraktTV/Entity/Company.php": "acc4aef75ad71c10137908e5aa6f68ffad4a254e12bea4721284889e481c7b0f",
    "src/addons/nick97/TraktTV/Entity/Crew.php": "99ce29491bc9c7b79f5815a31219355700ace673c1da2a37627a6181e31b9302",
    "src/addons/nick97/TraktTV/Entity/Network.php": "69113cbc1cd6655d13d578552fb2cf7b7a0d6823700195a3d28c43781bb96dbc",
    "src/addons/nick97/TraktTV/Entity/Person.php": "12c2ac58708828aaab50789ee3068cba6e2a1a8df0d129f2b99c4c55e95d437e",
    "src/addons/nick97/TraktTV/Entity/Rating.php": "56194f8ead7e85b515b9ba4faa306d7caacc129f0ed9fc2690b544d5f4053089",
    "src/addons/nick97/TraktTV/Entity/RatingNode.php": "d625a3b3a61179b567458262f7350746856d8eec6b5a213142497dc9139c1341",
    "src/addons/nick97/TraktTV/Entity/TV.php": "8b108f69c6646bf92e4d4f5c5534b49a5e922f6df2395bb1d5dde0f2c0b96381",
    "src/addons/nick97/TraktTV/Entity/TVForum.php": "b1aedae6d880e7cdc6bb5b16edab0095763745b63ae47f63dbb289471943ecc3",
    "src/addons/nick97/TraktTV/Entity/TVPost.php": "287833f48e04224e7f980bda1e5da1c1fb9bbef6b7800d5e07971269e7930118",
    "src/addons/nick97/TraktTV/Entity/Video.php": "383f8e04dd6ce260460171b0c1194f9d90c7262e55f553b89bdae086e04f9e22",
    "src/addons/nick97/TraktTV/Finder/Cast.php": "e85718987988b92ccbb24c3c2a56d956536e0119aef06a74789489a0dc272d60",
    "src/addons/nick97/TraktTV/Finder/Crew.php": "a65a053ac39892022b0365bb3c96d085734a59bf597dd04620729706f1ede40a",
    "src/addons/nick97/TraktTV/Finder/Video.php": "ca8ec83b6d7fe361f1cc6529d53efd48396d99bb61e21b326343b925825819ac",
    "src/addons/nick97/TraktTV/ForumType/TV.php": "f205a76bc8717abe66fd263b82c67a5cdd4993f59855e9ee0d2edb2fd5f6a80e",
    "src/addons/nick97/TraktTV/Helper/Trakt/Api.php": "b2285fa8a6dbaa1a2cc61912cbcd299c871798640fd5092dab625a3c2cf82832",
    "src/addons/nick97/TraktTV/Helper/Trakt/Episode.php": "8cca8b166154905bd6f47e4cc9a37ace484c8701322bf5d9b4f302466e902533",
    "src/addons/nick97/TraktTV/Helper/Trakt/Show.php": "fc5e9e3d0dbb84ecbe7a24b7e7630c43404c915bebfa96d48bd05e16c06c3e86",
    "src/addons/nick97/TraktTV/Helper/TVPost.php": "f844951b72600787bb4ffcf701cb032a41776d63940629fd0a808c31b0a77b7b",
    "src/addons/nick97/TraktTV/Job/CrossLinkCreate.php": "1e1f26146027a560c681f7801b5e6ba3e3c57a1ad83c300d0bcf76eade531736",
    "src/addons/nick97/TraktTV/Job/TvCommunityChangesApply.php": "8ecf2eb5a6747c415851c754d201fde71e4d0fe43c33411ef6b738ab04b89f23",
    "src/addons/nick97/TraktTV/Job/TvCompanyImageDownload.php": "aba3a9562084354fce6719df5504025ebbfd095b2e69864055ffbda2512394de",
    "src/addons/nick97/TraktTV/Job/TvCreditsRebuild.php": "a9609095e2dbffb104907a118a7acd1cad138de1d35a9cd2d0a52a5f7f2d9eb4",
    "src/addons/nick97/TraktTV/Job/TvForumImageDownload.php": "0869fb2c510e5a8bc3284f0e14e0c61a9090cf486349559d1a8f8305abd761d7",
    "src/addons/nick97/TraktTV/Job/TvForumRatingRebuild.php": "6e6e8d42122fc71624a114486b89de1b3753e5085db991a34409f2799ee1c610",
    "src/addons/nick97/TraktTV/Job/TvNetworkImageDownload.php": "b7ab13f4ede8326df30fb8a78ad92934863eaf269ec3a4cd439a9c29800c3cd0",
    "src/addons/nick97/TraktTV/Job/TvNetworksRebuild.php": "a755630499eabba04becde12fb6d17be195e4cd26a0087385cd6c7f8f596476a",
    "src/addons/nick97/TraktTV/Job/TvNewCompanies.php": "4d63a5aff1a25b15fe4550e305d0cad06a7176ad34a90847161918dcc0e74596",
    "src/addons/nick97/TraktTV/Job/TvNewNetworks.php": "804e43676a2a4d86edd19b9cf3f63721734355d1b1298f6bfa26860dcd21332d",
    "src/addons/nick97/TraktTV/Job/TvNewPersons.php": "3f9b2d5c95254365f8ae09f21bf95e714315156b8e89610f45cf0df74bd41ead",
    "src/addons/nick97/TraktTV/Job/TvPersonsImageDownload.php": "1c3d828f8194bd281bd3e561492b57f2ea14547a56a6b3f62a20cc0dafd9aaf1",
    "src/addons/nick97/TraktTV/Job/TvPersonsRebuild.php": "c13eb619d3a1ba0b637c06c2ae80f14a5ff2c21221bf9d2bc3a470fd7a372379",
    "src/addons/nick97/TraktTV/Job/TvPostImageDownload.php": "04aab8fd50f870eaf30ff8e252a224928a1947c7fa94cb969c3c0f41dc7e33d9",
    "src/addons/nick97/TraktTV/Job/TvPostRebuild.php": "30f2dace4af1b6fbfb25020a93db856302f143ab09de3e7bc88753ce92bbe411",
    "src/addons/nick97/TraktTV/Job/TvProductionCompaniesRebuild.php": "93ee45905fcb43f5a43549aea810709c4cab3df16e196e3e96530a5f9798c856",
    "src/addons/nick97/TraktTV/Job/TvRatingRebuild.php": "8620874d7a7f4b99049cd31968b14c56f4ca76c8d52b95a405e139e04bc9e84b",
    "src/addons/nick97/TraktTV/Job/TvThreadChanges.php": "c1829f908df045f7b0310bc1e012de2d5d38a9664622dc76ba44cc74ab7a52cb",
    "src/addons/nick97/TraktTV/Job/TvThreadChangesAiringToday.php": "eff0955946ed8684c58bdee63d55549933ae4b4f4558ce870d619bc8a5ca713f",
    "src/addons/nick97/TraktTV/Job/TvThreadCoverUpdate.php": "8065c2b9a0d56eb86830193156a889f064bb13a4842bef591ddcaa45dca309e1",
    "src/addons/nick97/TraktTV/Job/TvThreadImageDownload.php": "78c18c727e7749971b7dceb47f43c6747f31c7b7b953628df789beb0842cbf5c",
    "src/addons/nick97/TraktTV/Job/TvThreadRebuild.php": "2e65263cee9f80ec565ec5982b4da3312f3b49b7da72f54334cc941ca7433268",
    "src/addons/nick97/TraktTV/Job/TvVideoRebuild.php": "20600c74b411cf6af43b4aa082abb9db2b87f3498dd9abf667e2b2002c296e61",
    "src/addons/nick97/TraktTV/Job/TvWatchProviderRebuild.php": "15ac93a4644f9ae2f2ebff7621decc6a4573bf82714eb4379aa771acbc0bce40",
    "src/addons/nick97/TraktTV/Job/Upgrade/TvFirstAirDate2020008.php": "0edbca44eebeaa2f7b596972679868b5d4b60a814828dc499a04fd69d6e2d64f",
    "src/addons/nick97/TraktTV/Job/Upgrade/TvImdb2020001.php": "21dc6da2300e0c5c61b8affd744b2403c2f1bc595eb465e0548eab8c48b9404d",
    "src/addons/nick97/TraktTV/Job/UserTvThreadCountRebuild.php": "d0318773f2a188f09c6b39fb58d5fd16e196c4c1c0d7fc0089a3133b3f4c59c8",
    "src/addons/nick97/TraktTV/Listener.php": "d5408f3fcc94ff93db1697b6fb5ead18e741bf97b6726917bf0e91200cfe324f",
    "src/addons/nick97/TraktTV/Option/Category.php": "a71ad42a94bf4bf9b77e3278f44dd9b13eadd92fc98be88e88cbbe0421ac4d04",
    "src/addons/nick97/TraktTV/Option/Country.php": "28d21c5d1c2e997665a1879002896c437ec3033d900af07c2b121fede03707d0",
    "src/addons/nick97/TraktTV/Option/Forum.php": "955322852dbf06e788ca55163cbf52af9ec8a3a169fdf193638abe0cac99f794",
    "src/addons/nick97/TraktTV/Option/Language.php": "7493f049fc6ff57fece488057b4fbd47c4aa7d246b2c563e968cdac765386c47",
    "src/addons/nick97/TraktTV/Option/UserGroup.php": "af30fc2f69955e07dab3c8bfc37d03fe8acdb437c87471823c26f64588203026",
    "src/addons/nick97/TraktTV/Pub/Controller/Person.php": "074f828c7d96a49da9b129ccf9e53cc1657c00d86d8e9a196844167eadef8ba0",
    "src/addons/nick97/TraktTV/Pub/Controller/TV.php": "af37d9b3ba8928255235ac639b9e04c2400e13a75e5ad05437a5888a4dd0cb7d",
    "src/addons/nick97/TraktTV/Pub/Controller/TVPost.php": "34f22f59a5872c76cf2d481a6bfabaff6bdd644071b116f33d1b55c3f628d911",
    "src/addons/nick97/TraktTV/Repository/Cast.php": "2fbc09c63e1bd14ebdb0f2c7dba563e42cd91fd26a3c2580eb39e09dae858506",
    "src/addons/nick97/TraktTV/Repository/Company.php": "be8c6ffcef817b2f071ecc0ff61564feccaababbf541d6144c40b07fe2dcb6d3",
    "src/addons/nick97/TraktTV/Repository/Crew.php": "3e3e9671ac17e9149d096c85622fdb5ca15da18fd720747fe19282f464a390b4",
    "src/addons/nick97/TraktTV/Repository/Network.php": "007f3b385b4536198db0d74fe9a0871afaf04fcf3fe763c32fe45fe5a8e095a2",
    "src/addons/nick97/TraktTV/Repository/Node.php": "ce4ff6fd5147ff36b04d73944f0ae72a466aa3f24c225d2661cd6f7efeaf25d9",
    "src/addons/nick97/TraktTV/Repository/TV.php": "5b48c8b36b866150675741bc06eb7d73f9a7413349f056798ec0e35646ab0e35",
    "src/addons/nick97/TraktTV/Repository/Video.php": "fef5e200a1483186699729d30c66f20c95692491966e8a9a63fdefbbe006decd",
    "src/addons/nick97/TraktTV/Service/AbstractTvSizeMapImage.php": "bb8569b625b4360110d129136f76946f68d5ad23cc96ebcb8ec9d81b7180df51",
    "src/addons/nick97/TraktTV/Service/Company/Creator.php": "7c2c94b24b2ada34be83d84b708a1eb45d87f0bab551cb1c8dfd6c2e679a8bf9",
    "src/addons/nick97/TraktTV/Service/Company/Image.php": "71b08d0ef0dd10990382be3eebbdf2b44e1c0cc7b689150747e448784154bfda",
    "src/addons/nick97/TraktTV/Service/Company/Preparer.php": "7e23c990d09f1190e8d0e4d39bc3affc9dd606b9503defe836ad0f41e8e466a7",
    "src/addons/nick97/TraktTV/Service/Network/Creator.php": "40293283592bb436d8eb66bb894cd8cc41ec5a6809f943592e43b773aac21326",
    "src/addons/nick97/TraktTV/Service/Network/Image.php": "02daac327a6dba55e907b6790f39f705ca837f2c0dd1cae3ed9c7c75c24f1f61",
    "src/addons/nick97/TraktTV/Service/Network/Preparer.php": "f98be91f71ef986b42bb434091c349228378d68b34a59f05b11a2934d53962c3",
    "src/addons/nick97/TraktTV/Service/Person/Creator.php": "8f9cadc50711db74036982dc3b2b7d254493427874cd8d2af575cd94ba854e7d",
    "src/addons/nick97/TraktTV/Service/Person/Editor.php": "3995c658fc3abd860e63c5a69b00fcf81bafcf4828463c984958e2b7a3de4991",
    "src/addons/nick97/TraktTV/Service/Person/Image.php": "f8e1c42b2e8b54a02f4e92b1086fa24169ffdeb2db1283e5f030ba49676c3415",
    "src/addons/nick97/TraktTV/Service/Person/Preparer.php": "2bb01fde1d76bf8e4df587a9638b4fc3f8eb725b3a3bb7b3be0a86effa4e2203",
    "src/addons/nick97/TraktTV/Service/Thread/Cover.php": "222e0bab85a3269b3c4b13f064848ae12acf2958a793607f26be89f807762cce",
    "src/addons/nick97/TraktTV/Service/Thread/TypeData/TvCreator.php": "7b739d28be05bda6bfb3daee60937709b26bb66b7b2dd41b6b6c54f57b5ec77d",
    "src/addons/nick97/TraktTV/Service/TV/Creator.php": "928c513ce9c449959f7db2781b1a5641f2e6d351741d13cdb4c0ebdd98fd27a7",
    "src/addons/nick97/TraktTV/Service/TV/Editor.php": "f03b375652a3ef75353f869698b9957613ebbfb8f2a283d74893b58014fe860e",
    "src/addons/nick97/TraktTV/Service/TV/Image.php": "5c731a34bf997c6de11264035059541bf9a2f3c6c454ca7f76d34944b4406f2f",
    "src/addons/nick97/TraktTV/Service/TV/Preparer.php": "c8e5f33e01948bb66da14ab4c7dded28a63683e1463a4319bf8834f9b97d9f6c",
    "src/addons/nick97/TraktTV/Service/TV/Rate.php": "5fec0ee5e25acdc0b28d05ba68f9224f37ad3d786cb7a3a8a436bdf377899fc0",
    "src/addons/nick97/TraktTV/Service/TVForum/Create.php": "616f6a9479a5a5f4481821a70d1da28a9b8a0d82df2966d839b328fb4003e80b",
    "src/addons/nick97/TraktTV/Service/TVForum/Image.php": "e99c0c7e5e48af29d70d805b93ea5dc8e5d70369473013f9b7d4e059adaa837b",
    "src/addons/nick97/TraktTV/Service/TVForum/Rate.php": "9af6bcd32b0ce9255f2c7a40eed97612705c59e7a842a3769360e50103568e2c",
    "src/addons/nick97/TraktTV/Service/TVPost/Editor.php": "77ade5f200a8c243d6d882e693716eedb66ed8064f4c151a4491bc4f82347b8f",
    "src/addons/nick97/TraktTV/Service/TVPost/Image.php": "a7c715e77020d6b435f6ea579d92e1f1dcc3e22e5945a57ef84d2d0ac135afd9",
    "src/addons/nick97/TraktTV/Setup.php": "3d86a850016dba3ba26dfa81e3aa5c720273096f43f79a0eec63d84e3afb701d",
    "src/addons/nick97/TraktTV/ThemeHouse/Covers/Pub/Controller/Cover.php": "14a0678ecc59bed5040e14644567c4f549c7e5c0ef92276a1ce2c9a0d234930c",
    "src/addons/nick97/TraktTV/ThreadType/TV.php": "63fe8e3eddebc5ae46485253fe0d27c470d95f3845648e6f37b8e95a3b98e738",
    "src/addons/nick97/TraktTV/Trakt/Api/AbstractApiSection.php": "0c467c0507df85d51c10fecd88c22c2f2d87f1ceee723213e62099c335591e95",
    "src/addons/nick97/TraktTV/Trakt/Api/AiringToday.php": "261b353ab1906e54724cec826636520fc26117520d1dfb71bc8db6ffe3fb7cb4",
    "src/addons/nick97/TraktTV/Trakt/Api/ApiResponse.php": "14862b94d6654e0a94bcc3bde47dbcb0e36f86c564cb1e16a280c06710d71e03",
    "src/addons/nick97/TraktTV/Trakt/Api/Changes.php": "b34e4c6ee60bc4745b64a72b5105f645ad56038c1f55a5324f6d02db496a1021",
    "src/addons/nick97/TraktTV/Trakt/Api/Company.php": "8f1a0ba6f0d26377d410a0a1208cf9a445e95aea8250115bebf8383603f4dc84",
    "src/addons/nick97/TraktTV/Trakt/Api/Genres.php": "1bc06c25df3a33df1e700951e705b3e64b81a4af5a5b152b1d812fc1c67ff85c",
    "src/addons/nick97/TraktTV/Trakt/Api/Network.php": "3c23334a39108cd8cc38482920b6661f8b25f744737f20f7bb6c5f1a6eee7584",
    "src/addons/nick97/TraktTV/Trakt/Api/People.php": "149275efd2eaac456f6be446a4d25fee3950f9b43b29590932262f82759137d1",
    "src/addons/nick97/TraktTV/Trakt/Api/TV.php": "23658bd1002b9ecfd34d58bb309b9a3937b3fdff51c8e40b885edffa6742dd58",
    "src/addons/nick97/TraktTV/Trakt/Api/TV/Episodes.php": "9ed73f702524ab6710b281767f10e945ef9650622bd40f44e7337ae6a7c3fdce",
    "src/addons/nick97/TraktTV/Trakt/Api/TV/Seasons.php": "dd40210f3937083a5ea02e49a795cb501d4b3097a24d42fe946a61e4e3634d79",
    "src/addons/nick97/TraktTV/Trakt/ApiClient.php": "c6305b2f9c21351dd2837c9c5cb109d9556b2a2aec53bb069e0b525e2066bb39",
    "src/addons/nick97/TraktTV/Trakt/Image.php": "693f9006561954d78d4727c6e84568d3bf3842f5f5884308f26d6e0bb21b130f",
    "src/addons/nick97/TraktTV/Widget/PosterSlider.php": "f848d5ff0c8ba9ccef3acf15359d9ef268ae5bde1797d23c84c71d54bee4eda4",
    "src/addons/nick97/TraktTV/Widget/Slider.php": "c76f2c979dc9f7119780b09b496be074b31c87c6764c0799f5590dd6fa49746d",
    "src/addons/nick97/TraktTV/XF/Admin/Controller/User.php": "b44f4bb492a3d1400eb451e346d8fb1c74220c1e2b5390577cc16212a7275735",
    "src/addons/nick97/TraktTV/XF/Entity/Forum.php": "0caddbecf93a720f30c99d94dfcefe6a0156b56079b6c53f79234036e944c561",
    "src/addons/nick97/TraktTV/XF/Entity/Node.php": "c889ac43b3c4136138be14d5a000682fe5f306dc97df5a89338c503f314c61b3",
    "src/addons/nick97/TraktTV/XF/Entity/Post.php": "1171c711cf7d1dade011a443be8b132ac842cb3877e92956f53e66937570ad10",
    "src/addons/nick97/TraktTV/XF/Entity/Thread.php": "7a98192f4f5d144bc824ccb46dbc05f90d3aaa1c222c16dd6df5890b1dd883c7",
    "src/addons/nick97/TraktTV/XF/Entity/User.php": "ac2a2f3bfaa30ae28d0a4cc9d4767d825ff415fa249ec42a028fa821f89136b3",
    "src/addons/nick97/TraktTV/XF/Entity/UserOption.php": "6cefb42c0e9edbc1ee9e4d36c91d7da3e363be6df65ac2b7cbb5357df380b394",
    "src/addons/nick97/TraktTV/XF/ForumType/Discussion.php": "905da18f21aaa93d3746e477edfbde44304b166675580ccac6c7fcf0abb1a371",
    "src/addons/nick97/TraktTV/XF/Pub/Controller/Account.php": "557ed1a56209b6122eadb7ab7808ca8daaf2f6bdfda8672fe4401b66ac8cea7c",
    "src/addons/nick97/TraktTV/XF/Pub/Controller/Forum.php": "435daf7969536a8766540850be26fa42e3804f541da25e0e09e2cc560984ba6a",
    "src/addons/nick97/TraktTV/XF/Pub/Controller/Post.php": "0ab8020e03e97f556f623def522666417d78025ca4e9692a7a3e49e9f340869d",
    "src/addons/nick97/TraktTV/XF/Pub/Controller/Thread.php": "c1c929a2e65d1b71cf12abd98a6d59825ca53734819f4cc6841274da2c56e038",
    "src/addons/nick97/TraktTV/XF/Repository/Post.php": "c8bd0d6517a1c2f34c0b8fb91d5618bb055af85e106ca32fa0bc0077bc9ab037",
    "src/addons/nick97/TraktTV/XF/Search/Data/Post.php": "3fe39af072b7996f4eb0bc4e3719827a426cf47f87698a5e22a5000e07c75315",
    "src/addons/nick97/TraktTV/XF/Search/Data/Thread.php": "f8605aad40949038af8f09cffccc5befbe64afb90942c58111cd022b7fde8fe8",
    "src/addons/nick97/TraktTV/XF/Service/Post/Editor.php": "4623833dc3775135872a3bd353b4094306f4487f9466d5e4fb7e7aed9e471b2d",
    "src/addons/nick97/TraktTV/XF/Service/Post/Preparer.php": "4cadc7b257aa1c6e19ef25de1b34a464e6b866bae9b3fc225e991bcfe56794f2",
    "src/addons/nick97/TraktTV/XF/Service/Thread/Creator.php": "271c3f911bc8c91b58d2aac3cf94598b2ba7a3106324d9e541f20730eee0bae5",
    "src/addons/nick97/TraktTV/XF/Service/Thread/Replier.php": "7d4dfa0d3b2ec80ca7d8103f9124f02c64377a63bebf85e27d07a99ce3f60d4d",
    "src/addons/nick97/TraktTV/XF/Tag/Thread.php": "ce3bba7bacdeebfa26e12d935c1e1b34d0219192990f23f2832fa7cfe362cad7",
    "src/addons/nick97/TraktTV/_data/activity_summary_definitions.xml": "99d8c2563a31320d66f958fc8bda78613545f5f7959bb3cf5318805e3a3c39d2",
    "src/addons/nick97/TraktTV/_data/admin_navigation.xml": "064ec797484ac00d5ee37367b50b06846d11f480d00550997712707f8fdac8c0",
    "src/addons/nick97/TraktTV/_data/admin_permission.xml": "ec6fb97cebf0bceb24f1ed1d5778c1db54eeb7535fbb3e31d824840e7aa9ff87",
    "src/addons/nick97/TraktTV/_data/advertising_positions.xml": "d2f7cbe844bb1df3cf878d22ff6306249245c8ff6b0b87b9b729744bec538261",
    "src/addons/nick97/TraktTV/_data/api_scopes.xml": "6793eaf758f140e8137187ba20e65f4faccf53410433ae3ad7a8b3b38cb6b3b7",
    "src/addons/nick97/TraktTV/_data/bb_codes.xml": "faa4ddd5f4a365e5ac39aebdcbe2d25aedf74e7eb9ea4a812766e2fd5e13bdb1",
    "src/addons/nick97/TraktTV/_data/bb_code_media_sites.xml": "29762987990187b33e43cfb68c08dc917b2d3f0176613d78f8e6c453f82da3f3",
    "src/addons/nick97/TraktTV/_data/class_extensions.xml": "46b45577b27ef25c851f9ccd6da7635d1c04095dd8f7a65ec5abed6a587e196c",
    "src/addons/nick97/TraktTV/_data/code_events.xml": "8370dec3df47f91df4cf79da253446ad11b29f4ea568fe76c774e97a0379f0eb",
    "src/addons/nick97/TraktTV/_data/code_event_listeners.xml": "f08a728606b78ff7333498d0ba03f4926d121e42df0d9e2ddb7630ad7567d9e3",
    "src/addons/nick97/TraktTV/_data/content_type_fields.xml": "c7ad5472b28f465b7ac7617627707eba1b7a39d28089460d52e1ed292fc0b06a",
    "src/addons/nick97/TraktTV/_data/cron.xml": "f05e700a663ba8d2c4425f7ab1edc459a003b5d1aa5599f12bad62b56112900d",
    "src/addons/nick97/TraktTV/_data/help_pages.xml": "a8a0c0b06cdc550438bc8a8d385af3e1e5ab3459877dfb934c1c31be59c89163",
    "src/addons/nick97/TraktTV/_data/member_stats.xml": "89fb2b93ff1eca7a1f6f752248edf6090dfd24037db1446fd18ff7143f08124d",
    "src/addons/nick97/TraktTV/_data/navigation.xml": "f75e1c03a45a360bbdfcd0567121665082315068475d5b0feb8b1acbb1688651",
    "src/addons/nick97/TraktTV/_data/options.xml": "79acf999dd5fb9e9abdd128306aa3cbfa127f391e545bc79a5a182ae3d09abab",
    "src/addons/nick97/TraktTV/_data/option_groups.xml": "960257aa839df238fc38a876e18c6bcfc992d4f3e8541386e38171d6428564cb",
    "src/addons/nick97/TraktTV/_data/permissions.xml": "d174a3affb61f04df73cd1e16712b0a52a83412ed951278d0760186214353f93",
    "src/addons/nick97/TraktTV/_data/permission_interface_groups.xml": "2d0638a168f9c202192557669edb0bd24cdbb45f4703623e9575a0908e842b11",
    "src/addons/nick97/TraktTV/_data/phrases.xml": "73e56cdf7ef2b96a709be426d8d7b7b5989719f6b64e8293c043b657c3ca44a5",
    "src/addons/nick97/TraktTV/_data/routes.xml": "d4b6eae6f9a724213cad822bfa263a8c2a1cb84f1c67c520d965c620e8ae15fa",
    "src/addons/nick97/TraktTV/_data/style_properties.xml": "bf2714413a3fe70ccf87fb53a8e107d004054d1547c893b7b5dbcf4c08ec4572",
    "src/addons/nick97/TraktTV/_data/style_property_groups.xml": "29be975cc295097042dc60746d02234035b252fbba8d14b727c64d236816ee0e",
    "src/addons/nick97/TraktTV/_data/templates.xml": "e3370e2d4ab93c4fdfb0b5567af9678d39aaaa5c3e48f79838b0f78067828354",
    "src/addons/nick97/TraktTV/_data/template_modifications.xml": "edfe40dd786c4a92c9ec8c627b0d5468690b530790dfe42e1ef5bdac038e97fa",
    "src/addons/nick97/TraktTV/_data/widget_definitions.xml": "ad9e314b9516d4b3694ccc8faf1e355ecf9c87342340668e6104c0a3c58d6fc5",
    "src/addons/nick97/TraktTV/_data/widget_positions.xml": "a29cee66134f6bc5d75ed9df1eef21096c24401915c5b5c774389c3d7bb2d5b3"
}