<?xml version="1.0" encoding="utf-8"?>
<templates>
  <template type="public" title="fs_bunny_attach_upload" version_id="1000010" version_string="1.0.0 Alpha"><![CDATA[<xf:macro name="uploaded_files_list" arg-attachments="{{ [] }}" arg-class="">
	<xf:css src="attachments.less" />
	<div id="setUploadedVideo">
	<div class="attachmentUploads js-attachmentUploads is-active">
		<div class="hScroller" data-xf-init="h-scroller">
			<div class="hScroller-scroll">
				<ul class="attachUploadList js-attachmentFiles">

					<li class="js-attachmentFile file">

						<a class="file-preview js-attachmentView" href="data/BunnyIntegration/videoBunny.mp4" target="_blank">
							<video data-xf-init="video-init">
								<source src="data/BunnyIntegration/videoBunny.mp4" />
							</video>
						</a>

						<div class="file-content">

							<xf:if is="!$noJsFallback">

								<div class="file-insert js-attachmentInsert">
									<a class="file-insertLink js-attachmentAction" data-action="bunny" data-type="video" role="button" tabindex="0">
										{{ phrase('insert') }}
									</a>
								</div>


								<div class="file-checkbox">
									<xf:checkbox standalone="true">
										<xf:option value="" />
									</xf:checkbox>
								</div>
							</xf:if>

							<span class="file-delete">

								<xf:button type="submit" class="button--small button--link" name="delete" value="330">
									<xf:fa icon="fa-trash-alt" />
									<span class="u-srOnly">{{ phrase('button.delete') }}</span>
								</xf:button>

							</span>

							<a class="file-info"
							   href="data/BunnyIntegration/videoBunny.mp4"
							   target="_blank">

								<span class="file-name">Bunny Video.mp4</span>

								<div class="file-meta">
									4.5 MB
								</div>
							</a>
						</div>
					</li>

				</ul>
			</div>
		</div>
	</div>
	</div>
</xf:macro>

<xf:macro name="upload_block" arg-attachmentData="!" arg-forceHash="" arg-hiddenName="attachment_hash">
	<xf:macro name="uploaded_files_list" arg-attachments="{$attachmentData.attachments}" />

	<xf:js src="Bunny/extend_manager.js"/>

	<xf:button href="{{ link('attachments/upload', null, {'type': $type, 'context': $context, 'hash': $hash}) }}"
			   target="_blank" class="button--link js-attachmentUpload" icon="upload"
			   data-accept=".mp4" />
</xf:macro>]]></template>
  <template type="public" title="fs_bunny_disp_video_thumb.less" version_id="1000010" version_string="1.0.0 Alpha"><![CDATA[@_fileMinSize: 165px;
@_fileBorderRadius: @xf-borderRadiusSmall;

.attachUploadList
{
	.m-listPlain();
	display: block;
	white-space: nowrap;
	font-size: 0;

	.file
	{
		display: inline-block;
		white-space: nowrap;
		font-size: @xf-fontSizeNormal;
	}
}

.attachmentUploads{
    display: none;
    margin-bottom: 10px;
}

.attachmentUploads.is-active {
    display: block;
}

.file
{
	position: relative;
	width: @_fileMinSize;
	height: @_fileMinSize;
	margin-right: @xf-paddingMedium;
	background: @xf-contentAltBg;
	border-radius: @_fileBorderRadius;

	&:last-child
	{
		margin-right: 0;
	}
}

@supports (display: grid)
{
	.attachmentList
	{
		display: grid;
		grid-template-columns: repeat(auto-fill, minmax(@_fileMinSize, 1fr));
		column-gap: @xf-paddingMedium;
		row-gap: @xf-paddingMedium;

		.file
		{
			width: 100%;
			height: auto;
			padding-bottom: 100%; // forces squareness
			margin-right: 0;
		}
	}
}

.file-typeIcon
{
	font-size: 80px;
	vertical-align: middle;
	color: @xf-textColorFeature;
}

.file-error
{
	color: @xf-textColorAttention;
	font-size: @xf-fontSizeSmaller;
	white-space: normal;
	padding: @xf-paddingMedium;
}

.file-preview
{
	display: flex;
	align-items: center;
	justify-content: center;
	border-radius: @_fileBorderRadius;
	overflow: hidden;
	position: absolute;
	top: 0;
	left: 0;
	width: 100%;
	height: 100%;

	img, video
	{
		position: absolute;
		object-fit: cover;
		width: 100%;
		height: 100%;
	}

	.file--linked &:after
	{
		content: '';
		position: absolute;
		top: 0;
		left: 0;
		right: 0;
		bottom: 0;
		z-index: @zIndex-1;
	}
}

.file-content
{
	position: absolute;
	width: 100%;
	height: 100%;
}

.file-insert
{
	top: 4px;
	left: 4px;
	font-size: @xf-fontSizeSmaller;

	&.is-active
	{
		.file-insertLink
		{
			display: none;
		}

		.file-menuOptions
		{
			display: block;
		}
	}
}

.file-insert
{
	position: absolute;
	color: rgb(255, 255, 255);
	text-shadow: 1px 1px 1px rgba(0, 0, 0, .6);
}

.file-insert
{
	.attachmentUploads.is-selecting &
	{
		display: none;
	}
}

.file-insertLink
{
	display: inline-block;
}

a.file-insertLink,
.file-menuOptions > a
{
	color: inherit;
	background: rgba(0, 0, 0, 0.4);
	border-radius: @xf-borderRadiusMedium;
	padding: @xf-paddingMedium;
	.m-transition(background);

	&:hover
	{
		text-decoration: none;
		background: rgba(0, 0, 0, .5);
	}
}

.file-info
{
	position: absolute;
	left: 0;
	bottom: 0;
	width: 100%;
	padding: 0 @xf-paddingLarge;
	height: 2.5em;
	line-height: 2.5;
	overflow: hidden;
	.m-transition(height);
	.m-borderBottomRadius(@_fileBorderRadius);

	font-size: @xf-fontSizeSmaller;
	color: rgb(255, 255, 255);
	background: rgba(0, 0, 0, 0.5);
	text-shadow: 1px 1px 1px rgba(0, 0, 0, 0.6);

	@supports (backdrop-filter: blur(3px)) or (-webkit-backdrop-filter: blur(3px))
	{
		.m-backdropFilter(blur(3px));
	}

	a&
	{
		color: rgb(255, 255, 255);

		&:hover
		{
			color: rgb(255, 255, 255);
			text-decoration: none;

			.file-name
			{
				text-decoration: underline;
			}
		}
	}

	&:hover,
	.file--linked:hover &,
	.has-touchevents &
	{
		height: 5em;
	}
}


.file-name,
.file-meta
{
	display: block;
	white-space: nowrap;
	text-overflow: ellipsis;
	overflow: hidden;
}]]></template>
  <template type="public" title="fs_bunny_loader_style.less" version_id="1000010" version_string="1.0.0 Alpha"><![CDATA[#overlay {
	display: none;
	position: fixed;
	top: 0;
	left: 0;
	width: 100%;
	height: 100%;
	background: rgba(0, 0, 0, 0.7);
	z-index: 999;
}
#loader {
	position: absolute;
	top: 50%;
	left: 50%;
	transform: translate(-50%, -50%);
}

.loader {
	border: 16px solid #f3f3f3;
	border-radius: 50%;
	border-top: 16px solid #185886;
	border-bottom: 16px solid #185886;
	width: 120px;
	height: 120px;
	-webkit-animation: spin 2s linear infinite;
	animation: spin 2s linear infinite;
}

@-webkit-keyframes spin {
	0% { -webkit-transform: rotate(0deg); }
	100% { -webkit-transform: rotate(360deg); }
}

@keyframes spin {
	0% { transform: rotate(0deg); }
	100% { transform: rotate(360deg); }
}]]></template>
  <template type="public" title="fs_bunny_uploaded_video_html" version_id="1000010" version_string="1.0.0 Alpha"><![CDATA[<div class="attachmentUploads is-active">
		<div class="hScroller" data-xf-init="h-scroller">
			<div class="hScroller-scroll">
				<ul class="attachUploadList">

					<li class="file">

						<a class="file-preview" href="{{$videoUrl}}" target="_blank">
							<video data-xf-init="video-init">
								<source src="{{$videoUrl}}" />
							</video>
						</a>

						<div class="file-content">

							<xf:if is="!$noJsFallback">

								<div class="file-insert">
									<a class="file-insertLink" data-xf-click="insert-bunny" data-action="full" data-type="video" role="button" tabindex="0">
										{{ phrase('insert') }}
									</a>
								</div>


								<div class="file-checkbox">
									<xf:checkbox standalone="true">
										<xf:option value="" />
									</xf:checkbox>
								</div>
							</xf:if>

							<span class="file-delete">

								<xf:button type="submit" data-xf-click="delete-bunny" class="button--small button--link" name="delete" value="330">
									<xf:fa icon="fa-trash-alt" />
									<span class="u-srOnly">{{ phrase('button.delete') }}</span>
								</xf:button>

							</span>

							<a class="file-info"
							   href="{{$videoUrl}}"
							   target="_blank">

								<span class="file-name">{{$videoName}}</span>

								<div class="file-meta">
									{{$convertedSize}}
								</div>
							</a>
						</div>
					</li>

				</ul>
			</div>
		</div>
	</div>

<xf:comment>

<div class="attachmentUploads js-attachmentUploads is-active">
		<div class="hScroller" data-xf-init="h-scroller">
			<div class="hScroller-scroll">
				<ul class="attachUploadList js-attachmentFiles">

					<li class="js-attachmentFile file">

						<a class="file-preview js-attachmentView" href="data/BunnyIntegration/videoBunny.mp4" target="_blank">
							<video data-xf-init="video-init">
								<source src="data/BunnyIntegration/videoBunny.mp4" />
							</video>
						</a>

						<div class="file-content">

							<xf:if is="!$noJsFallback">

								<div class="file-insert js-attachmentInsert">
									<a class="file-insertLink js-attachmentAction" data-action="bunny" data-type="video" role="button" tabindex="0">
										{{ phrase('insert') }}
									</a>
								</div>


								<div class="file-checkbox">
									<xf:checkbox standalone="true">
										<xf:option value="" />
									</xf:checkbox>
								</div>
							</xf:if>

							<span class="file-delete">

								<xf:button type="submit" class="button--small button--link" name="delete" value="330">
									<xf:fa icon="fa-trash-alt" />
									<span class="u-srOnly">{{ phrase('button.delete') }}</span>
								</xf:button>

							</span>

							<a class="file-info"
							   href="data/BunnyIntegration/videoBunny.mp4"
							   target="_blank">

								<span class="file-name">Mango.mp4</span>

								<div class="file-meta">
									5.6 MB
								</div>
							</a>
						</div>
					</li>

				</ul>
			</div>
		</div>
	</div>

	<div class="attachmentUploads js-attachmentUploads is-active">
		<div class="hScroller" data-xf-init="h-scroller">
			<div class="hScroller-scroll">
				<ul class="attachUploadList js-attachmentFiles">

					<li class="js-attachmentFile file">

						<a class="file-preview js-attachmentView" href="{{$videoUrl}}" target="_blank">
							<video data-xf-init="video-init">
								<source src="{{$videoUrl}}" />
							</video>
						</a>

						<div class="file-content">

							<xf:if is="!$noJsFallback">

								<div class="file-insert js-attachmentInsert">
									<a class="file-insertLink js-attachmentAction" data-action="full" data-type="video" role="button" tabindex="0">
										{{ phrase('insert') }}
									</a>
								</div>


								<div class="file-checkbox">
									<xf:checkbox standalone="true">
										<xf:option value="" />
									</xf:checkbox>
								</div>
							</xf:if>

							<span class="file-delete">

								<xf:button type="submit" class="button--small button--link" name="delete" value="330">
									<xf:fa icon="fa-trash-alt" />
									<span class="u-srOnly">{{ phrase('button.delete') }}</span>
								</xf:button>

							</span>

							<a class="file-info"
							   href="{{$videoUrl}}"
							   target="_blank">

								<span class="file-name">{{$videoName}}</span>

								<div class="file-meta">
									{{$convertedSize}}
								</div>
							</a>
						</div>
					</li>

				</ul>
			</div>
		</div>
	</div>
</xf:comment>]]></template>
  <template type="public" title="fs_buunyBBcodeRender" version_id="1000010" version_string="1.0.0 Alpha"><![CDATA[<div class="bbMediaWrapper">
	<div class="bbMediaWrapper-inner">
		<iframe src="https://iframe.mediadelivery.net/embed/{$libraryId}/{$videoId}?autoplay=false" loading="lazy" style="border: none; position: absolute; top: 0; height: 315; width: 560;" allow="accelerometer; gyroscope; autoplay; encrypted-media; picture-in-picture;" allowfullscreen="true"></iframe>
	</div>
</div>]]></template>
</templates>
