{
    "src/addons/FS/Molly/addon.json": "e8d3b3189937c7e20d2f2c2dea9004a7d9513b63684c4650f5a48ad1012145b6",
    "src/addons/FS/Molly/Attachment/Molly.php": "12772771c3d2630ef9941161cfbcee5daa9c5d5ea7be1507688893537335377b",
    "src/addons/FS/Molly/Pub/Controller/Molly.php": "24144f3e48a8346495e3f671a0b454dab13f6a59f47f302a51c2b2c4c1f593a0",
    "src/addons/FS/Molly/Service/Molly/AbstractFormUpload.php": "1239f04c1a83b8ea76025a2a875c80310e9fba36f42aa232c45726c3518883e9",
    "src/addons/FS/Molly/Service/Molly/Avatar.php": "f54462f745ba442ff2e5a470432511405cec089c909748e8154569ae4d612a63",
    "src/addons/FS/Molly/Service/Molly/Cover.php": "3ff6ebe0c4fd3eb91d58a26bab5367a611f7feddd0d3e66b2ca4c40b99bfdc34",
    "src/addons/FS/Molly/Setup.php": "acf92809b5e2010155545457abb896b2f7412b39baed1174c4f4e6fc6271657d",
    "src/addons/FS/Molly/XF/Entity/Node.php": "8387dc4317bccf938e4a4168489988cc517778831bee1d9af63d5e5b322ab43b",
    "src/addons/FS/Molly/_data/activity_summary_definitions.xml": "99d8c2563a31320d66f958fc8bda78613545f5f7959bb3cf5318805e3a3c39d2",
    "src/addons/FS/Molly/_data/admin_navigation.xml": "064ec797484ac00d5ee37367b50b06846d11f480d00550997712707f8fdac8c0",
    "src/addons/FS/Molly/_data/admin_permission.xml": "ec6fb97cebf0bceb24f1ed1d5778c1db54eeb7535fbb3e31d824840e7aa9ff87",
    "src/addons/FS/Molly/_data/advertising_positions.xml": "d2f7cbe844bb1df3cf878d22ff6306249245c8ff6b0b87b9b729744bec538261",
    "src/addons/FS/Molly/_data/api_scopes.xml": "6793eaf758f140e8137187ba20e65f4faccf53410433ae3ad7a8b3b38cb6b3b7",
    "src/addons/FS/Molly/_data/bb_codes.xml": "faa4ddd5f4a365e5ac39aebdcbe2d25aedf74e7eb9ea4a812766e2fd5e13bdb1",
    "src/addons/FS/Molly/_data/bb_code_media_sites.xml": "29762987990187b33e43cfb68c08dc917b2d3f0176613d78f8e6c453f82da3f3",
    "src/addons/FS/Molly/_data/class_extensions.xml": "b384464652fd8bc010d514879934b336e923f2d978f36995d378c8fdb152bacf",
    "src/addons/FS/Molly/_data/code_events.xml": "8370dec3df47f91df4cf79da253446ad11b29f4ea568fe76c774e97a0379f0eb",
    "src/addons/FS/Molly/_data/code_event_listeners.xml": "d6b5072f4909dee7a20ee9e44b163f95c8aa52e6ac7f573e292000cd9238c331",
    "src/addons/FS/Molly/_data/content_type_fields.xml": "985648122ec029463d9d9433fd7c550d73f6bb2fb0e6a07e319785977c6fdede",
    "src/addons/FS/Molly/_data/cron.xml": "323c4284742ef24329cd6db6f288eb9736d2353f36852e1db12591e1583aea26",
    "src/addons/FS/Molly/_data/help_pages.xml": "a8a0c0b06cdc550438bc8a8d385af3e1e5ab3459877dfb934c1c31be59c89163",
    "src/addons/FS/Molly/_data/member_stats.xml": "89fb2b93ff1eca7a1f6f752248edf6090dfd24037db1446fd18ff7143f08124d",
    "src/addons/FS/Molly/_data/navigation.xml": "1f295361bbc06c0b575afa2e73029d0159284a880121e351e59faf958d7650be",
    "src/addons/FS/Molly/_data/options.xml": "1d84bf84c02d2ca94ff70733d9044e388e98a5b403f3550a258c1aac3180b01f",
    "src/addons/FS/Molly/_data/option_groups.xml": "47972d1bc77cb0a22b14bd14266f7344a50dcea88ce92e9cfab7e38c710fdd29",
    "src/addons/FS/Molly/_data/permissions.xml": "7e4fc7d5826733d15ea2d8936b9bdd41afcaad810eb38e50da3c8d8eafda1550",
    "src/addons/FS/Molly/_data/permission_interface_groups.xml": "3177224e96458b829aa7fb24866dda9e0455a4922aee3d669b53f59a1ffdf5d1",
    "src/addons/FS/Molly/_data/phrases.xml": "3903e508219e08cdb10585d322185cca1ba1fb1693895bad6ae8b4d5abf7b162",
    "src/addons/FS/Molly/_data/routes.xml": "3e4961b4458526dfa0f5d16d54ad28d6b389450b3a2524fe5e392893af50d9e0",
    "src/addons/FS/Molly/_data/style_properties.xml": "8b8690a8512f01f219dd2da76e3d0c5f62afc1f317b87794a7331c859c36a7a8",
    "src/addons/FS/Molly/_data/style_property_groups.xml": "68e1879cb3846c42d978487aa8d5145ff3335fc39e58016878824d5cf3fd684c",
    "src/addons/FS/Molly/_data/templates.xml": "30b875e675e14691c799e9321a404479fe90e4c0640b2ad1a73e36da1203fbb2",
    "src/addons/FS/Molly/_data/template_modifications.xml": "3b54b7df00a6a4a18c5e012b6e2588e35c23aaa13a5fc227f08646a97590d778",
    "src/addons/FS/Molly/_data/widget_definitions.xml": "37e46965256430f24004c2e7f08ba08f9b0d1cbcc4d70e84b3f4e3ffb713e64b",
    "src/addons/FS/Molly/_data/widget_positions.xml": "a29cee66134f6bc5d75ed9df1eef21096c24401915c5b5c774389c3d7bb2d5b3"
}