{
    "src/addons/nick97/WatchList/addon.json": "a3c0ab0b3f779a6988d432188ec761b27a7d95ac7015155ee1d5293cbe6b0fc7",
    "src/addons/nick97/WatchList/ConnectedAccount/Provider/Trakt.php": "c9aa4bf7978d1cb62545fd3c15d14c36dec38494643a919da0fc16c0ff0464a8",
    "src/addons/nick97/WatchList/ConnectedAccount/ProviderData/Trakt.php": "fd743aa03403171a7b9d7157f5818917f6d78c3aaf59fbbdd23a01e1d4e2175d",
    "src/addons/nick97/WatchList/ConnectedAccount/Service/Trakt.php": "605ce9e1cb986768659c24fd87101366c77755c1b3c879f60246aaabd538ae01",
    "src/addons/nick97/WatchList/Entity/WatchList.php": "00ce2a0821162bf13fc0141a2f50adfee9d003497f256488fee42866037f8f90",
    "src/addons/nick97/WatchList/Pub/Controller/WatchList.php": "18b5c737918c45df05e990816bfe59468826e058d274f18f5f35a5c0e873d6d7",
    "src/addons/nick97/WatchList/Service/watchList.php": "ad98e9a67f2ced91d6ee1b28f76d037c448b198a79f1cb722f884789f3382764",
    "src/addons/nick97/WatchList/Setup.php": "4890c29e505e8f5f92f30ea8869612f0e566209a7b150274a8168f11ebed3ccf",
    "src/addons/nick97/WatchList/XF/Entity/Thread.php": "f4bb23ea83a84803066d8cadd7eb3ecafbab0584e46f268d18a9a34d0af6c241",
    "src/addons/nick97/WatchList/XF/Entity/User.php": "75556ebc46bf0684a425acf759b3107dbd1903351e86f5276f4de374fce752f0",
    "src/addons/nick97/WatchList/XF/Entity/UserPrivacy.php": "fb13fbbc08430cfeed2f43dea2af0bc2d5995d2d04cad9f84bcc25a92bdfffb3",
    "src/addons/nick97/WatchList/XF/Pub/Controller/Account.php": "c67fc9a827b4c8205c46e2906466aba69a6d028c4af049b56ffe3bcd2bd794b0",
    "src/addons/nick97/WatchList/XF/Pub/Controller/Member.php": "e6b51ffa7d93ee0346bd18bb7dbfd527c599e734a7d860415be014e190473b6f",
    "src/addons/nick97/WatchList/XF/Pub/Controller/Thread.php": "7e56ddc5848a4260ede26a6a573fc03ddbe12e7d841cb09f409b14dc9dbc1de3",
    "src/addons/nick97/WatchList/_data/activity_summary_definitions.xml": "99d8c2563a31320d66f958fc8bda78613545f5f7959bb3cf5318805e3a3c39d2",
    "src/addons/nick97/WatchList/_data/admin_navigation.xml": "064ec797484ac00d5ee37367b50b06846d11f480d00550997712707f8fdac8c0",
    "src/addons/nick97/WatchList/_data/admin_permission.xml": "ec6fb97cebf0bceb24f1ed1d5778c1db54eeb7535fbb3e31d824840e7aa9ff87",
    "src/addons/nick97/WatchList/_data/advertising_positions.xml": "d2f7cbe844bb1df3cf878d22ff6306249245c8ff6b0b87b9b729744bec538261",
    "src/addons/nick97/WatchList/_data/api_scopes.xml": "6793eaf758f140e8137187ba20e65f4faccf53410433ae3ad7a8b3b38cb6b3b7",
    "src/addons/nick97/WatchList/_data/bb_codes.xml": "faa4ddd5f4a365e5ac39aebdcbe2d25aedf74e7eb9ea4a812766e2fd5e13bdb1",
    "src/addons/nick97/WatchList/_data/bb_code_media_sites.xml": "29762987990187b33e43cfb68c08dc917b2d3f0176613d78f8e6c453f82da3f3",
    "src/addons/nick97/WatchList/_data/class_extensions.xml": "96235e025b1d5e54b72d69748ee783d102d74f7889ea98295a93168ce5dc5123",
    "src/addons/nick97/WatchList/_data/code_events.xml": "8370dec3df47f91df4cf79da253446ad11b29f4ea568fe76c774e97a0379f0eb",
    "src/addons/nick97/WatchList/_data/code_event_listeners.xml": "d6b5072f4909dee7a20ee9e44b163f95c8aa52e6ac7f573e292000cd9238c331",
    "src/addons/nick97/WatchList/_data/content_type_fields.xml": "c7ad5472b28f465b7ac7617627707eba1b7a39d28089460d52e1ed292fc0b06a",
    "src/addons/nick97/WatchList/_data/cron.xml": "323c4284742ef24329cd6db6f288eb9736d2353f36852e1db12591e1583aea26",
    "src/addons/nick97/WatchList/_data/help_pages.xml": "a8a0c0b06cdc550438bc8a8d385af3e1e5ab3459877dfb934c1c31be59c89163",
    "src/addons/nick97/WatchList/_data/member_stats.xml": "89fb2b93ff1eca7a1f6f752248edf6090dfd24037db1446fd18ff7143f08124d",
    "src/addons/nick97/WatchList/_data/navigation.xml": "e6bd9f4326dd28dc5d11e21b4764b36ff734f2f6a8f417cdb3f9f4a1255b7af3",
    "src/addons/nick97/WatchList/_data/options.xml": "91199bbea74604178a7d462bd38c11d9af30c48ddcbea60ec465f178d474c988",
    "src/addons/nick97/WatchList/_data/option_groups.xml": "4133fb778d43d95ff1b09ae65713740c6fa90cecc7e67a278106391eb95438c5",
    "src/addons/nick97/WatchList/_data/permissions.xml": "b2abbd33b5abdaa1c66f5e1428d4069715e163f910145e2e6f9017fb6c6c96cb",
    "src/addons/nick97/WatchList/_data/permission_interface_groups.xml": "c84e1d91f7cf17e96f1ff5213f25fc1bafb6d023d528316567978908628f7c37",
    "src/addons/nick97/WatchList/_data/phrases.xml": "410987241ef2b578bf404d4770048952b4387d5857e31bd427d0d71b285ced02",
    "src/addons/nick97/WatchList/_data/routes.xml": "ff561c780db30c77a1d6fa4d6e36ddfddf3623380c89094d9609fa48c1f3e4cd",
    "src/addons/nick97/WatchList/_data/style_properties.xml": "8b8690a8512f01f219dd2da76e3d0c5f62afc1f317b87794a7331c859c36a7a8",
    "src/addons/nick97/WatchList/_data/style_property_groups.xml": "68e1879cb3846c42d978487aa8d5145ff3335fc39e58016878824d5cf3fd684c",
    "src/addons/nick97/WatchList/_data/templates.xml": "be6647184ac69838bd8c26f5828a19090e712dadf770d1a39667ddbd929e05c3",
    "src/addons/nick97/WatchList/_data/template_modifications.xml": "6a1d75a0bba1dc9f6d8849132c6f481fe1145da3354cf9a2b300b0e4ebd27466",
    "src/addons/nick97/WatchList/_data/widget_definitions.xml": "37e46965256430f24004c2e7f08ba08f9b0d1cbcc4d70e84b3f4e3ffb713e64b",
    "src/addons/nick97/WatchList/_data/widget_positions.xml": "a29cee66134f6bc5d75ed9df1eef21096c24401915c5b5c774389c3d7bb2d5b3",
    "styles/nick97/TraktLogo/trakt-icon-red.svg": "e4b9ce45cab497ae4a39b1c2b85703a3b68a0a67e9bb669d2e2f97cc41a329d3",
    "styles/nick97/TraktLogo/trakt-icon-white.svg": "6444fddfe89d331d4cb87a55b60e85d0d20f67b4b52928e045860e5233e07aa9"
}