{
    "src/addons/FS/Translator/addon.json": "3df161773b1865021fa46fb9c4fab9285c519f6d935d7af16e1153eea2d13a69",
    "src/addons/FS/Translator/Setup.php": "ef93c0d1b0d39a9ecf86e3a2ed26615cd4ea84cb574f67b42128a1c1456f81a7",
    "src/addons/FS/Translator/_data/activity_summary_definitions.xml": "99d8c2563a31320d66f958fc8bda78613545f5f7959bb3cf5318805e3a3c39d2",
    "src/addons/FS/Translator/_data/admin_navigation.xml": "064ec797484ac00d5ee37367b50b06846d11f480d00550997712707f8fdac8c0",
    "src/addons/FS/Translator/_data/admin_permission.xml": "ec6fb97cebf0bceb24f1ed1d5778c1db54eeb7535fbb3e31d824840e7aa9ff87",
    "src/addons/FS/Translator/_data/advertising_positions.xml": "d2f7cbe844bb1df3cf878d22ff6306249245c8ff6b0b87b9b729744bec538261",
    "src/addons/FS/Translator/_data/api_scopes.xml": "6793eaf758f140e8137187ba20e65f4faccf53410433ae3ad7a8b3b38cb6b3b7",
    "src/addons/FS/Translator/_data/bb_codes.xml": "faa4ddd5f4a365e5ac39aebdcbe2d25aedf74e7eb9ea4a812766e2fd5e13bdb1",
    "src/addons/FS/Translator/_data/bb_code_media_sites.xml": "29762987990187b33e43cfb68c08dc917b2d3f0176613d78f8e6c453f82da3f3",
    "src/addons/FS/Translator/_data/class_extensions.xml": "1f548b8006e9952a3f5889f71e09fdfa6726ac1a47c1af7b2626d1a88920d5a4",
    "src/addons/FS/Translator/_data/code_events.xml": "8370dec3df47f91df4cf79da253446ad11b29f4ea568fe76c774e97a0379f0eb",
    "src/addons/FS/Translator/_data/code_event_listeners.xml": "d6b5072f4909dee7a20ee9e44b163f95c8aa52e6ac7f573e292000cd9238c331",
    "src/addons/FS/Translator/_data/content_type_fields.xml": "c7ad5472b28f465b7ac7617627707eba1b7a39d28089460d52e1ed292fc0b06a",
    "src/addons/FS/Translator/_data/cron.xml": "323c4284742ef24329cd6db6f288eb9736d2353f36852e1db12591e1583aea26",
    "src/addons/FS/Translator/_data/help_pages.xml": "a8a0c0b06cdc550438bc8a8d385af3e1e5ab3459877dfb934c1c31be59c89163",
    "src/addons/FS/Translator/_data/member_stats.xml": "89fb2b93ff1eca7a1f6f752248edf6090dfd24037db1446fd18ff7143f08124d",
    "src/addons/FS/Translator/_data/navigation.xml": "f75e1c03a45a360bbdfcd0567121665082315068475d5b0feb8b1acbb1688651",
    "src/addons/FS/Translator/_data/options.xml": "54db3ba7d550d1f991971072667117d892ee0c84f32c693c9e38c97e41c250a2",
    "src/addons/FS/Translator/_data/option_groups.xml": "5f5a3f97fc800ddf1b3de489cfb1ffd827c5626cd294ad11afbe93d14508f70e",
    "src/addons/FS/Translator/_data/permissions.xml": "7e4fc7d5826733d15ea2d8936b9bdd41afcaad810eb38e50da3c8d8eafda1550",
    "src/addons/FS/Translator/_data/permission_interface_groups.xml": "3177224e96458b829aa7fb24866dda9e0455a4922aee3d669b53f59a1ffdf5d1",
    "src/addons/FS/Translator/_data/phrases.xml": "5fbdd5f65024b413015001c8dc19ce1bc0fc9ae1cfc5133903054de5c9a68f4c",
    "src/addons/FS/Translator/_data/routes.xml": "550fa64f9feedf137dd877b38c2684f94474619d2d83890dbb717a91b50da8f5",
    "src/addons/FS/Translator/_data/style_properties.xml": "12c7b7db32075dbea0dea29e4d3e53aae9bdae670f0ae6ddc14ade2d3da260a3",
    "src/addons/FS/Translator/_data/style_property_groups.xml": "3fe0b40fe1c367c3d07c78a61363faa0aee62afaa0af3656b1b038970966ad11",
    "src/addons/FS/Translator/_data/templates.xml": "9bfbc3a859e35991ef44fbbbaa9c0cd628ffa2b14b6e09bc431f16d22cb6e1cd",
    "src/addons/FS/Translator/_data/template_modifications.xml": "ac0530ad14b5dec31b29d6c473f1f6ea821e5bb59c1ebd2df9d461897a886e3b",
    "src/addons/FS/Translator/_data/widget_definitions.xml": "37e46965256430f24004c2e7f08ba08f9b0d1cbcc4d70e84b3f4e3ffb713e64b",
    "src/addons/FS/Translator/_data/widget_positions.xml": "a29cee66134f6bc5d75ed9df1eef21096c24401915c5b5c774389c3d7bb2d5b3"
}