<?xml version="1.0" encoding="utf-8"?>
<templates>
  <template type="admin" title="option_template_ThumbnailimageDimensions" version_id="1000010" version_string="1.0.0 Alpha"><![CDATA[<xf:formrow rowtype="input"
	label="{$option.title}"
	hint="{$hintHtml}"
	explain="{$explainHtml}"
	html="{$listedHtml}">

	<div class="inputGroup inputGroup--numbers">
		<xf:numberbox name="{$inputName}[width]" min="50" value="{$option.option_value.width}" placeholder="{{ phrase('width') }}" />
		<span class="inputGroup-text">x</span>
		<xf:numberbox name="{$inputName}[height]" min="50" value="{$option.option_value.height}" placeholder="{{ phrase('height') }}" />
		<span class="inputGroup-text">{{ phrase('units_pixels') }}</span>
	</div>
</xf:formrow>]]></template>
  <template type="public" title="fs_thread_thumbnail" version_id="1020500" version_string="1.2.5 Alpha"><![CDATA[<xf:title>{{phrase('fs_thread_thumbnail')}}</xf:title>
<xf:form action="{{ link('threads/thumbnail', $thread) }}"  ajax="true" class="block" >
	<div class="block-container">
		<div class="block-body">
		<xf:comment>
					<xf:inforow>
							<div class="blockMessage blockMessage--important"><strong>{{ phrase('note:') }}</strong> {{ phrase('change_view_upload_required_image') }}</div>
					</xf:inforow>
			</xf:comment>
					<xf:if is="$thread.getThumbnailExit()">
										<xf:inforow rowtype="confirm">
											<img src="{$thread.getThumbnailPath()}" style="width:80px;height:60px" >
										</xf:inforow>
					</xf:if>
			<xf:textboxrow label="{{ phrase('fs_thread_thumbnail_title') }}" hint="{{ phrase('fs_thread_thumbnail_required') }}" value="{$thread.thumbnail_title}" name="thumbnail_title"  ></xf:textboxrow>
			<xf:textboxrow label="{{ phrase('fs_thread_thumbnail_unique_id') }}" value="{$thread.thumb_unique_id}" name="thumb_unique_id"  ></xf:textboxrow>
			<xf:uploadrow label="{{ phrase('fs_thread_thumbnail_img') }}" explain="{{ phrase('fs_thread_thumbnail_explain',{'width': $xf.options.thumbnailImageDimensions.width ,'height':$xf.options.thumbnailImageDimensions.height}) }}" name="upload"  accept=".gif,.jpeg,.jpg,.jpe,.png,.svg" />
		</div>
		
		<xf:submitrow icon="save" rowtype="simple" />
	</div>
</xf:form>]]></template>
</templates>
