{
    "src/addons/FS/ScheduleBanUser/addon.json": "afed97980b38dbb704e43f746ca164aa462028578e85bbf479db87b3d2b2c487",
    "src/addons/FS/ScheduleBanUser/Cron/ScheduleBanUserCron.php": "b6f59ba4282835146a9576056966dba47267a36a1e7fa18a76e503e2cd803126",
    "src/addons/FS/ScheduleBanUser/Entity/ScheduleBanUser.php": "5ab675031f10fc5d81dbaa41f83cc3a7c4a7cf374f3e16040573f97245239fcf",
    "src/addons/FS/ScheduleBanUser/Pub/Controller/scheduleBanUser.php": "99d0488c55e0c58a803c504ce4b1f93c4ec1a1c0a1543e522fdde7de82c987eb",
    "src/addons/FS/ScheduleBanUser/Setup.php": "46d3700d61853a34f92a69c64c14d5b3c67194aad56261ebac3edb47a133626e",
    "src/addons/FS/ScheduleBanUser/XF/Entity/User.php": "d9cfc6f3f979335d8b5fab41da2085e9ecd440b2095db64cccf64f4ffa6222c4",
    "src/addons/FS/ScheduleBanUser/_data/activity_summary_definitions.xml": "99d8c2563a31320d66f958fc8bda78613545f5f7959bb3cf5318805e3a3c39d2",
    "src/addons/FS/ScheduleBanUser/_data/admin_navigation.xml": "064ec797484ac00d5ee37367b50b06846d11f480d00550997712707f8fdac8c0",
    "src/addons/FS/ScheduleBanUser/_data/admin_permission.xml": "ec6fb97cebf0bceb24f1ed1d5778c1db54eeb7535fbb3e31d824840e7aa9ff87",
    "src/addons/FS/ScheduleBanUser/_data/advertising_positions.xml": "d2f7cbe844bb1df3cf878d22ff6306249245c8ff6b0b87b9b729744bec538261",
    "src/addons/FS/ScheduleBanUser/_data/api_scopes.xml": "6793eaf758f140e8137187ba20e65f4faccf53410433ae3ad7a8b3b38cb6b3b7",
    "src/addons/FS/ScheduleBanUser/_data/bb_codes.xml": "faa4ddd5f4a365e5ac39aebdcbe2d25aedf74e7eb9ea4a812766e2fd5e13bdb1",
    "src/addons/FS/ScheduleBanUser/_data/bb_code_media_sites.xml": "29762987990187b33e43cfb68c08dc917b2d3f0176613d78f8e6c453f82da3f3",
    "src/addons/FS/ScheduleBanUser/_data/class_extensions.xml": "127e8fc8e5f6c4f555b9e0aa989450575a5a1eba52cfa7cbe0a56957a7e1fb54",
    "src/addons/FS/ScheduleBanUser/_data/code_events.xml": "8370dec3df47f91df4cf79da253446ad11b29f4ea568fe76c774e97a0379f0eb",
    "src/addons/FS/ScheduleBanUser/_data/code_event_listeners.xml": "d6b5072f4909dee7a20ee9e44b163f95c8aa52e6ac7f573e292000cd9238c331",
    "src/addons/FS/ScheduleBanUser/_data/content_type_fields.xml": "c7ad5472b28f465b7ac7617627707eba1b7a39d28089460d52e1ed292fc0b06a",
    "src/addons/FS/ScheduleBanUser/_data/cron.xml": "2a73ab07bde090728cc136d36a4f3dc280b2f1b8ba8f4a43ea692ddea3925dbe",
    "src/addons/FS/ScheduleBanUser/_data/help_pages.xml": "a8a0c0b06cdc550438bc8a8d385af3e1e5ab3459877dfb934c1c31be59c89163",
    "src/addons/FS/ScheduleBanUser/_data/member_stats.xml": "89fb2b93ff1eca7a1f6f752248edf6090dfd24037db1446fd18ff7143f08124d",
    "src/addons/FS/ScheduleBanUser/_data/navigation.xml": "f75e1c03a45a360bbdfcd0567121665082315068475d5b0feb8b1acbb1688651",
    "src/addons/FS/ScheduleBanUser/_data/options.xml": "c18869a7218cecd9850418f805a6ac91c4dfdb86f3ef40df066471024ba202d6",
    "src/addons/FS/ScheduleBanUser/_data/option_groups.xml": "86c4d2427f4f7682712652ded25ff5cd9e3e52f3859525265dc5b0d5c571993f",
    "src/addons/FS/ScheduleBanUser/_data/permissions.xml": "738b4ee5313dc2f08f458e190103ca7ea57c628c6f70d6faed7b3fc973966794",
    "src/addons/FS/ScheduleBanUser/_data/permission_interface_groups.xml": "3177224e96458b829aa7fb24866dda9e0455a4922aee3d669b53f59a1ffdf5d1",
    "src/addons/FS/ScheduleBanUser/_data/phrases.xml": "eae9e108ca6c492292fb50edaa67259a304c2e14930407886413cecdc5cf0971",
    "src/addons/FS/ScheduleBanUser/_data/routes.xml": "a2422059ef7ef9436b4869f4ea0d260b0fef34312597041eaa1b82d09df14e21",
    "src/addons/FS/ScheduleBanUser/_data/style_properties.xml": "8b8690a8512f01f219dd2da76e3d0c5f62afc1f317b87794a7331c859c36a7a8",
    "src/addons/FS/ScheduleBanUser/_data/style_property_groups.xml": "68e1879cb3846c42d978487aa8d5145ff3335fc39e58016878824d5cf3fd684c",
    "src/addons/FS/ScheduleBanUser/_data/templates.xml": "1b639002f1648d91710a07831b8592744194e51113cf44eff8a190bac4aa3d29",
    "src/addons/FS/ScheduleBanUser/_data/template_modifications.xml": "ab8d2ef2dbe0d04ba75a13f380617f4b7427a33b33848af978ff589a25ddb244",
    "src/addons/FS/ScheduleBanUser/_data/widget_definitions.xml": "37e46965256430f24004c2e7f08ba08f9b0d1cbcc4d70e84b3f4e3ffb713e64b",
    "src/addons/FS/ScheduleBanUser/_data/widget_positions.xml": "a29cee66134f6bc5d75ed9df1eef21096c24401915c5b5c774389c3d7bb2d5b3"
}