{
    "blockonomics_callback.php": "5d1f28b0576cd9703e84cc5a68d799c79597c2cf7d093dc85e3af63845c6cd97",
    "js/bionomics/upgrade.js": "7b12d83b2e6f2dd9924ce6c6b6765599421e66568745a8b0a8ee16fc33b2f7e7",
    "src/addons/FS/BitcoinIntegration/addon.json": "9ec8544d419834f53ede2a2d12c3c6e39faf78fbe7f57d426e68b87d34656e3e",
    "src/addons/FS/BitcoinIntegration/Entity/PurchaseRec.php": "c06a26b7fa70e3255ff9880705bbe23a5bf11757cf214242f4368fc43999b8dd",
    "src/addons/FS/BitcoinIntegration/Pub/Controller/BitcoinIntegration.php": "7da8d7b0e80d4a2dc04f7a8265e63bd5b8c00c70882134200632ae841eae67fb",
    "src/addons/FS/BitcoinIntegration/Pub/View/Bitcoin/Purchase.php": "eeb24e33f15d7d44c45b9d69d0b22b8977bb6e559565d9aea984b6dd3b6928f0",
    "src/addons/FS/BitcoinIntegration/Setup.php": "d488e79081c5b846b3ee1aa82812cdc1fe18da0266f17b0687e68899d1128bb8",
    "src/addons/FS/BitcoinIntegration/XF/Entity/UserUpgrade.php": "c4c603d4713126138923fd4470e6c8ded71026911ad0a89ff77e0a1c03d0baf9",
    "src/addons/FS/BitcoinIntegration/_data/activity_summary_definitions.xml": "99d8c2563a31320d66f958fc8bda78613545f5f7959bb3cf5318805e3a3c39d2",
    "src/addons/FS/BitcoinIntegration/_data/admin_navigation.xml": "064ec797484ac00d5ee37367b50b06846d11f480d00550997712707f8fdac8c0",
    "src/addons/FS/BitcoinIntegration/_data/admin_permission.xml": "ec6fb97cebf0bceb24f1ed1d5778c1db54eeb7535fbb3e31d824840e7aa9ff87",
    "src/addons/FS/BitcoinIntegration/_data/advertising_positions.xml": "d2f7cbe844bb1df3cf878d22ff6306249245c8ff6b0b87b9b729744bec538261",
    "src/addons/FS/BitcoinIntegration/_data/api_scopes.xml": "6793eaf758f140e8137187ba20e65f4faccf53410433ae3ad7a8b3b38cb6b3b7",
    "src/addons/FS/BitcoinIntegration/_data/bb_codes.xml": "faa4ddd5f4a365e5ac39aebdcbe2d25aedf74e7eb9ea4a812766e2fd5e13bdb1",
    "src/addons/FS/BitcoinIntegration/_data/bb_code_media_sites.xml": "29762987990187b33e43cfb68c08dc917b2d3f0176613d78f8e6c453f82da3f3",
    "src/addons/FS/BitcoinIntegration/_data/class_extensions.xml": "1b968ae90961a0471d668f527851ddf663072d90e5c844d7112debf896adf59e",
    "src/addons/FS/BitcoinIntegration/_data/code_events.xml": "8370dec3df47f91df4cf79da253446ad11b29f4ea568fe76c774e97a0379f0eb",
    "src/addons/FS/BitcoinIntegration/_data/code_event_listeners.xml": "d6b5072f4909dee7a20ee9e44b163f95c8aa52e6ac7f573e292000cd9238c331",
    "src/addons/FS/BitcoinIntegration/_data/content_type_fields.xml": "c7ad5472b28f465b7ac7617627707eba1b7a39d28089460d52e1ed292fc0b06a",
    "src/addons/FS/BitcoinIntegration/_data/cron.xml": "323c4284742ef24329cd6db6f288eb9736d2353f36852e1db12591e1583aea26",
    "src/addons/FS/BitcoinIntegration/_data/help_pages.xml": "a8a0c0b06cdc550438bc8a8d385af3e1e5ab3459877dfb934c1c31be59c89163",
    "src/addons/FS/BitcoinIntegration/_data/member_stats.xml": "89fb2b93ff1eca7a1f6f752248edf6090dfd24037db1446fd18ff7143f08124d",
    "src/addons/FS/BitcoinIntegration/_data/navigation.xml": "09cf07727e68a55404a19a9e611c89bdf5a23bb106851da6e8fd6fa3ea8c989e",
    "src/addons/FS/BitcoinIntegration/_data/options.xml": "07899a2a98d53485daabd898d8e79d3493d4f1d87dc511a034adc16c4566a101",
    "src/addons/FS/BitcoinIntegration/_data/option_groups.xml": "8ab8fe9d74650bb2cbbdf1461960a47a290b9544edf131e7dc092c6e5ecaeab2",
    "src/addons/FS/BitcoinIntegration/_data/permissions.xml": "7e4fc7d5826733d15ea2d8936b9bdd41afcaad810eb38e50da3c8d8eafda1550",
    "src/addons/FS/BitcoinIntegration/_data/permission_interface_groups.xml": "3177224e96458b829aa7fb24866dda9e0455a4922aee3d669b53f59a1ffdf5d1",
    "src/addons/FS/BitcoinIntegration/_data/phrases.xml": "9ed7b1e12e60bbff366b34b55089a8f613533432f4f09d58399e03f1d5b04dc1",
    "src/addons/FS/BitcoinIntegration/_data/routes.xml": "e48d8f736160d13db45c07b35697c8eb944a7df28b97561c40eff6b4e4428def",
    "src/addons/FS/BitcoinIntegration/_data/style_properties.xml": "8b8690a8512f01f219dd2da76e3d0c5f62afc1f317b87794a7331c859c36a7a8",
    "src/addons/FS/BitcoinIntegration/_data/style_property_groups.xml": "68e1879cb3846c42d978487aa8d5145ff3335fc39e58016878824d5cf3fd684c",
    "src/addons/FS/BitcoinIntegration/_data/templates.xml": "6655252b76367d48e011b0134412010d4b38d69e18b55a6d093296a01ae348de",
    "src/addons/FS/BitcoinIntegration/_data/template_modifications.xml": "4a886968f0b9456e2749cef4d8128ab50f1229d3bf9efd41624f2da574bdca1a",
    "src/addons/FS/BitcoinIntegration/_data/widget_definitions.xml": "37e46965256430f24004c2e7f08ba08f9b0d1cbcc4d70e84b3f4e3ffb713e64b",
    "src/addons/FS/BitcoinIntegration/_data/widget_positions.xml": "a29cee66134f6bc5d75ed9df1eef21096c24401915c5b5c774389c3d7bb2d5b3",
    "styles/FS/BitcoinIntegration/btc.png": "0f683ab4eaef50d2741676dc9fd9337d9a954957648560cfae56b173cdba6232"
}