<?xml version="1.0" encoding="utf-8"?>
<phrases>
  <phrase title="cron_entry.traktTV1" version_id="1000010" version_string="1.0.0 Alpha"><![CDATA[Update TV episode posts that are missing images or plots]]></phrase>
  <phrase title="cron_entry.traktTvWatchProvider" version_id="1000010" version_string="1.0.0 Alpha"><![CDATA[[nick97] Trakt TV Thread Starter: Update watch provider data]]></phrase>
  <phrase title="cron_entry.trakt_tv_changes" version_id="1000010" version_string="1.0.0 Alpha"><![CDATA[[nick97] Trakt TV Thread Starter: Check for TV changes]]></phrase>
  <phrase title="forum_type.trakt_tv" version_id="1000010" version_string="1.0.0 Alpha"><![CDATA[Trakt TV Forum]]></phrase>
  <phrase title="forum_type_desc.trakt_tv" version_id="1000010" version_string="1.0.0 Alpha"><![CDATA[Trakt TV thread starter]]></phrase>
  <phrase title="nick97_trakt_tv_request_empty_body" version_id="1000100" version_string="1.0.1 Alpha"><![CDATA[A non-empty request body is required...!]]></phrase>
  <phrase title="nick97_trakt_tv_request_method_not_allowed" version_id="1000100" version_string="1.0.1 Alpha"><![CDATA[Method Not Allowed...!]]></phrase>
  <phrase title="nick97_trakt_tv_request_not_found" version_id="1000100" version_string="1.0.1 Alpha"><![CDATA[Requested data not found...!]]></phrase>
  <phrase title="nick97_trakt_tv_request_not_success" version_id="1000100" version_string="1.0.1 Alpha"><![CDATA[Server not responding please try again...!]]></phrase>
  <phrase title="nick97_trakt_tv_request_server_error" version_id="1000100" version_string="1.0.1 Alpha"><![CDATA[Server Error...!]]></phrase>
  <phrase title="nick97_trakt_tv_request_unauthorized" version_id="1000100" version_string="1.0.1 Alpha"><![CDATA[Unauthorized, Authentication has been denied for this request.]]></phrase>
  <phrase title="nick97_trakt_tv_request_unsported_media" version_id="1000100" version_string="1.0.1 Alpha"><![CDATA[Unsupported Media Type..!]]></phrase>
  <phrase title="nick97_tv_more_details_on_trakt" version_id="1000010" version_string="1.0.0 Alpha"><![CDATA[More details on Trakt]]></phrase>
  <phrase title="nick97_tv_trakt_api_key_not_found" version_id="1000100" version_string="1.0.1 Alpha"><![CDATA[Trakt API key not found...!]]></phrase>
  <phrase title="option.traktTvThreads_aggregateCredits" version_id="1000010" version_string="1.0.0 Alpha"><![CDATA[Fetch aggregated credits]]></phrase>
  <phrase title="option.traktTvThreads_apikey" version_id="1000010" version_string="1.0.0 Alpha"><![CDATA[TMDB API key]]></phrase>
  <phrase title="option.traktTvThreads_backdropCoverSize" version_id="1000010" version_string="1.0.0 Alpha"><![CDATA[Backdrop cover size]]></phrase>
  <phrase title="option.traktTvThreads_castsLimit" version_id="1000010" version_string="1.0.0 Alpha"><![CDATA[Casts results on thread tab]]></phrase>
  <phrase title="option.traktTvThreads_category" version_id="1000010" version_string="1.0.0 Alpha"><![CDATA[Categories for TV shows]]></phrase>
  <phrase title="option.traktTvThreads_cdn_path" version_id="1000010" version_string="1.0.0 Alpha"><![CDATA[CDN path]]></phrase>
  <phrase title="option.traktTvThreads_changesLanguage" version_id="1000010" version_string="1.0.0 Alpha"><![CDATA[TV show changes tracking language]]></phrase>
  <phrase title="option.traktTvThreads_clientkey" version_id="1000010" version_string="1.0.0 Alpha"><![CDATA[Trakt API key]]></phrase>
  <phrase title="option.traktTvThreads_companiesLimit" version_id="1000010" version_string="1.0.0 Alpha"><![CDATA[Production results limit on thread view]]></phrase>
  <phrase title="option.traktTvThreads_creditsLimit" version_id="1000010" version_string="1.0.0 Alpha"><![CDATA[Credits results on thread tab]]></phrase>
  <phrase title="option.traktTvThreads_crosslink" version_id="1000010" version_string="1.0.0 Alpha"><![CDATA[Crosslink into all genre forums]]></phrase>
  <phrase title="option.traktTvThreads_episode_exclude" version_id="1000010" version_string="1.0.0 Alpha"><![CDATA[Exclude TV show title in season episode threads]]></phrase>
  <phrase title="option.traktTvThreads_fetchCompanies" version_id="1000010" version_string="1.0.0 Alpha"><![CDATA[Fetch TV companies]]></phrase>
  <phrase title="option.traktTvThreads_fetchCredits" version_id="1000010" version_string="1.0.0 Alpha"><![CDATA[Fetch TV credits]]></phrase>
  <phrase title="option.traktTvThreads_fetchNetworks" version_id="1000010" version_string="1.0.0 Alpha"><![CDATA[Fetch TV companies]]></phrase>
  <phrase title="option.traktTvThreads_fetchVideos" version_id="1000010" version_string="1.0.0 Alpha"><![CDATA[Fetch TV videos]]></phrase>
  <phrase title="option.traktTvThreads_force_comments" version_id="1000010" version_string="1.0.0 Alpha"><![CDATA[Force comments to second post]]></phrase>
  <phrase title="option.traktTvThreads_language" version_id="1000010" version_string="1.0.0 Alpha"><![CDATA[TV show information language]]></phrase>
  <phrase title="option.traktTvThreads_largeCompanyLogoSize" version_id="1000010" version_string="1.0.0 Alpha"><![CDATA[Large company logo size]]></phrase>
  <phrase title="option.traktTvThreads_largeNetworkLogoSize" version_id="1000010" version_string="1.0.0 Alpha"><![CDATA[Large network logo size]]></phrase>
  <phrase title="option.traktTvThreads_largePosterSize" version_id="1000010" version_string="1.0.0 Alpha"><![CDATA[Large poster size]]></phrase>
  <phrase title="option.traktTvThreads_multiple" version_id="1000010" version_string="1.0.0 Alpha"><![CDATA[Allow TV shows to be posted multiple times]]></phrase>
  <phrase title="option.traktTvThreads_networksLimit" version_id="1000010" version_string="1.0.0 Alpha"><![CDATA[Networks results limit on thread view]]></phrase>
  <phrase title="option.traktTvThreads_replaceSearchTemplate" version_id="1000010" version_string="1.0.0 Alpha"><![CDATA[Replace search results template]]></phrase>
  <phrase title="option.traktTvThreads_showThread" version_id="1000010" version_string="1.0.0 Alpha"><![CDATA[Items to show in threads]]></phrase>
  <phrase title="option.traktTvThreads_smallCompanyLogoWidth" version_id="1000010" version_string="1.0.0 Alpha"><![CDATA[Small company logo size width]]></phrase>
  <phrase title="option.traktTvThreads_smallNetworkLogoWidth" version_id="1000010" version_string="1.0.0 Alpha"><![CDATA[Small network logo image width]]></phrase>
  <phrase title="option.traktTvThreads_smallPosterWidth" version_id="1000010" version_string="1.0.0 Alpha"><![CDATA[Small poster width]]></phrase>
  <phrase title="option.traktTvThreads_sort" version_id="1000010" version_string="1.0.0 Alpha"><![CDATA[Sort Seasons]]></phrase>
  <phrase title="option.traktTvThreads_syncTitle" version_id="1000010" version_string="1.0.0 Alpha"><![CDATA[Sync thread title with Trakt show title]]></phrase>
  <phrase title="option.traktTvThreads_threadListInfo" version_id="1000010" version_string="1.0.0 Alpha"><![CDATA[Items to show in forum thread list]]></phrase>
  <phrase title="option.traktTvThreads_titleYear" version_id="1000010" version_string="1.0.0 Alpha"><![CDATA[Include release year in thread title]]></phrase>
  <phrase title="option.traktTvThreads_trackChanges" version_id="1000010" version_string="1.0.0 Alpha"><![CDATA[Track TV change list]]></phrase>
  <phrase title="option.traktTvThreads_trackChangesAiringToday" version_id="1000010" version_string="1.0.0 Alpha"><![CDATA[Track TV change list based on "Airing today" results]]></phrase>
  <phrase title="option.traktTvThreads_trackChangesPeriod" version_id="1000010" version_string="1.0.0 Alpha"><![CDATA[TV show changes tracking period]]></phrase>
  <phrase title="option.traktTvThreads_useLocalImages" version_id="1000010" version_string="1.0.0 Alpha"><![CDATA[Store image files locally]]></phrase>
  <phrase title="option.traktTvThreads_use_genres" version_id="1000010" version_string="1.0.0 Alpha"><![CDATA[Use forum genre limiting]]></phrase>
  <phrase title="option.traktTvThreads_use_rating" version_id="1000010" version_string="1.0.0 Alpha"><![CDATA[Use rating system]]></phrase>
  <phrase title="option.traktTvThreads_usecdn" version_id="1000010" version_string="1.0.0 Alpha"><![CDATA[Use CDN]]></phrase>
  <phrase title="option.traktTvThreads_videosLimit" version_id="1000010" version_string="1.0.0 Alpha"><![CDATA[Video results on thread tab]]></phrase>
  <phrase title="option.traktTvThreads_watchProviderRegion" version_id="1000010" version_string="1.0.0 Alpha"><![CDATA[Default watch provider region]]></phrase>
  <phrase title="option.traktTvThreads_watchProviderRegions" version_id="1000010" version_string="1.0.0 Alpha"><![CDATA[Watch provider region code]]></phrase>
  <phrase title="option_explain.traktTvThreads_aggregateCredits" version_id="1000010" version_string="1.0.0 Alpha"><![CDATA[If checked, cast & crew data for TV shows will be fetched all the entire cast & crew for all episodes belonging to a TV show.</br>
This can be a large amount of data and will affect performance.]]></phrase>
  <phrase title="option_explain.traktTvThreads_apikey" version_id="1000010" version_string="1.0.0 Alpha"><![CDATA[Enter your API key for The Movie Database]]></phrase>
  <phrase title="option_explain.traktTvThreads_backdropCoverSize" version_id="1000010" version_string="1.0.0 Alpha"><![CDATA[Requires <a href="https://xenforo.com/community/resources/ozzmodz-covers.8589/" target="_blank">[OzzModz] Covers</a> add-on installed. Select "none" to disable. The file size of the selected option must not exceed the max. file cover size.]]></phrase>
  <phrase title="option_explain.traktTvThreads_castsLimit" version_id="1000010" version_string="1.0.0 Alpha"><![CDATA[]]></phrase>
  <phrase title="option_explain.traktTvThreads_category" version_id="1000010" version_string="1.0.0 Alpha"><![CDATA[Categories selected in this list can only be used to create forums dedicated to individual TV shows.<br />Do not select any categories if you do not wish to use this option.]]></phrase>
  <phrase title="option_explain.traktTvThreads_cdn_path" version_id="1000010" version_string="1.0.0 Alpha"><![CDATA[If you are using your own CDN, enter the CDN path here.<br />Example: http://cdn.yourpath.com/data<br />DO NOT end the path with a /]]></phrase>
  <phrase title="option_explain.traktTvThreads_changesLanguage" version_id="1000010" version_string="1.0.0 Alpha"><![CDATA[Enter the ISO 639-1 Language Code that will be used for TV information.<br />These codes are available at <a href="http://en.wikipedia.org/wiki/List_of_ISO_639-1_codes" target="_blank">List of ISO 639-1 codes</a><br /><br />You may also include a two letter country code in the language selection (en-US, en-GB, pt-PT, pt-BR, etc...).<br />This is a list of the two letter country codes: <a href="https://en.wikipedia.org/wiki/ISO_3166-1_alpha-2" target="_blank">ISO 3166-1 alpha-2 Country Codes</a><br /><br /><b>NOTE:</b> There is no guarantee that the translation to the language selected will be the proper translation. And there is no guarantee there will be a translation of a TV show at The Movie Database.]]></phrase>
  <phrase title="option_explain.traktTvThreads_clientkey" version_id="1000010" version_string="1.0.0 Alpha"><![CDATA[Enter your API key for Trakt Database]]></phrase>
  <phrase title="option_explain.traktTvThreads_companiesLimit" version_id="1000010" version_string="1.0.0 Alpha"><![CDATA[]]></phrase>
  <phrase title="option_explain.traktTvThreads_creditsLimit" version_id="1000010" version_string="1.0.0 Alpha"><![CDATA[]]></phrase>
  <phrase title="option_explain.traktTvThreads_crosslink" version_id="1000010" version_string="1.0.0 Alpha"><![CDATA[To place a redirect link to the main TV thread in all genre limited forums that a TV show can belong to, check this box. <font style="color:blue;">Genre limiting must be enabled for this to work</font><br />EXAMPLE: A TV show is in these genres: Drama, Science Fiction, Thriller<br />A member posts the show in the Science Fiction forum.<br />Redirect links will be placed in the Drama and Thriller forums.]]></phrase>
  <phrase title="option_explain.traktTvThreads_episode_exclude" version_id="1000010" version_string="1.0.0 Alpha"><![CDATA[Check this box to exclude the TV show title in the title for episode threads.<br />This may be needed if tv show names and episode titles exceed the XenForo thread title limit.]]></phrase>
  <phrase title="option_explain.traktTvThreads_fetchCompanies" version_id="1000010" version_string="1.0.0 Alpha"><![CDATA[Enable this option if you want to receive a list of TV companies. Enabling it can slow down the thread creation process.]]></phrase>
  <phrase title="option_explain.traktTvThreads_fetchCredits" version_id="1000010" version_string="1.0.0 Alpha"><![CDATA[Enable this option if you want to receive a list of TV credits. Enabling it can slow down the thread creation process.]]></phrase>
  <phrase title="option_explain.traktTvThreads_fetchNetworks" version_id="1000010" version_string="1.0.0 Alpha"><![CDATA[Enable this option if you want to receive a list of TV networks. Enabling it can slow down the thread creation process.]]></phrase>
  <phrase title="option_explain.traktTvThreads_fetchVideos" version_id="1000010" version_string="1.0.0 Alpha"><![CDATA[Enable this option if you want to receive a list of TV videos. Enabling it can slow down the thread creation process.]]></phrase>
  <phrase title="option_explain.traktTvThreads_force_comments" version_id="1000010" version_string="1.0.0 Alpha"><![CDATA[Check this box if you want to force any comments entered with a new TV thread to be posted as the second post in the new TV thread.<br /><b>NOTE:</b> This does not change existing threads. This only affects the first post in a new TV thread.]]></phrase>
  <phrase title="option_explain.traktTvThreads_language" version_id="1000010" version_string="1.0.0 Alpha"><![CDATA[Enter the ISO 639-1 Language Code that will be used for TV information.<br />These codes are available at <a href="http://en.wikipedia.org/wiki/List_of_ISO_639-1_codes" target="_blank">List of ISO 639-1 codes</a><br /><br />You may also include a two letter country code in the language selection (en-US, en-GB, pt-PT, pt-BR, etc...).<br />This is a list of the two letter country codes: <a href="https://en.wikipedia.org/wiki/ISO_3166-1_alpha-2" target="_blank">ISO 3166-1 alpha-2 Country Codes</a><br /><br /><b>NOTE:</b> There is no guarantee that the translation to the language selected will be the proper translation. And there is no guarantee there will be a translation of a TV show at The Movie Database. Those are both handled by The Movie Database and not translated by this add-on.<br /><br />Changing language will NOT change threads already posted. Only new threads will post in the new language.]]></phrase>
  <phrase title="option_explain.traktTvThreads_largeCompanyLogoSize" version_id="1000010" version_string="1.0.0 Alpha"><![CDATA[This setting affects the size of files on the system.]]></phrase>
  <phrase title="option_explain.traktTvThreads_largeNetworkLogoSize" version_id="1000010" version_string="1.0.0 Alpha"><![CDATA[This setting affects the size of files on the system.]]></phrase>
  <phrase title="option_explain.traktTvThreads_largePosterSize" version_id="1000010" version_string="1.0.0 Alpha"><![CDATA[Changing this value will only apply to new entries. Larger values will take up more space and take longer to download.]]></phrase>
  <phrase title="option_explain.traktTvThreads_multiple" version_id="1000010" version_string="1.0.0 Alpha"><![CDATA[Check this box to allow a TV show to be posted more than once.]]></phrase>
  <phrase title="option_explain.traktTvThreads_networksLimit" version_id="1000010" version_string="1.0.0 Alpha"><![CDATA[]]></phrase>
  <phrase title="option_explain.traktTvThreads_replaceSearchTemplate" version_id="1000010" version_string="1.0.0 Alpha"><![CDATA[Check this option if you want to display TV data in XF search/tag results.]]></phrase>
  <phrase title="option_explain.traktTvThreads_showThread" version_id="1000010" version_string="1.0.0 Alpha"><![CDATA[Select the items to be shown in the first post of a TV thread]]></phrase>
  <phrase title="option_explain.traktTvThreads_smallCompanyLogoWidth" version_id="1000010" version_string="1.0.0 Alpha"><![CDATA[This setting affects the size of files on the system.]]></phrase>
  <phrase title="option_explain.traktTvThreads_smallNetworkLogoWidth" version_id="1000010" version_string="1.0.0 Alpha"><![CDATA[This setting affects the size of files on the system.]]></phrase>
  <phrase title="option_explain.traktTvThreads_smallPosterWidth" version_id="1000010" version_string="1.0.0 Alpha"><![CDATA[Changing this value will only apply to new entries. Larger values will take up more space.]]></phrase>
  <phrase title="option_explain.traktTvThreads_sort" version_id="1000010" version_string="1.0.0 Alpha"><![CDATA[The default sort order when a new season forum is created is descending. To sort them in ascending order, check this box.]]></phrase>
  <phrase title="option_explain.traktTvThreads_syncTitle" version_id="1000010" version_string="1.0.0 Alpha"><![CDATA[]]></phrase>
  <phrase title="option_explain.traktTvThreads_threadListInfo" version_id="1000010" version_string="1.0.0 Alpha"><![CDATA[Select the items to show in the forum thread list]]></phrase>
  <phrase title="option_explain.traktTvThreads_titleYear" version_id="1000010" version_string="1.0.0 Alpha"><![CDATA[To include the year a TV show was released in the thread title, check this box.<br />
Example: Flash (2014)]]></phrase>
  <phrase title="option_explain.traktTvThreads_trackChanges" version_id="1000010" version_string="1.0.0 Alpha"><![CDATA[Enable if you want to keep track of the list of changed TVs to automatically apply rebuilding data.</br>
<b>Note: </b> This will overwrite all your manual edits if the TV has been updated.]]></phrase>
  <phrase title="option_explain.traktTvThreads_trackChangesAiringToday" version_id="1000010" version_string="1.0.0 Alpha"><![CDATA[This will help to keep track of last-aired data changes since the <a href="https://developers.themoviedb.org/3/changes/get-movie-change-list">/movie/changes</a> endpoint doesn't report added episodes.<br/>
<b>Note:</b> This will overwrite all your manual edits if the TV has been updated.]]></phrase>
  <phrase title="option_explain.traktTvThreads_trackChangesPeriod" version_id="1000010" version_string="1.0.0 Alpha"><![CDATA[You can query up to 14 days]]></phrase>
  <phrase title="option_explain.traktTvThreads_useLocalImages" version_id="1000010" version_string="1.0.0 Alpha"><![CDATA[Store the poster images stored directly on your server. If not, TMDb image links will be used to display.]]></phrase>
  <phrase title="option_explain.traktTvThreads_use_genres" version_id="1000010" version_string="1.0.0 Alpha"><![CDATA[You can limit the type of TV shows posted in each forum to a specific genre. Check this box to enable this option. The genre for each forum is specified in Forums->Nodes. Click on the forum you wish to limit and select the genres you wish to allow in the forum.]]></phrase>
  <phrase title="option_explain.traktTvThreads_use_rating" version_id="1000010" version_string="1.0.0 Alpha"><![CDATA[Check this box to turn on the TV show rating system.]]></phrase>
  <phrase title="option_explain.traktTvThreads_usecdn" version_id="1000010" version_string="1.0.0 Alpha"><![CDATA[Check this box to use your own CDN for all poster images.]]></phrase>
  <phrase title="option_explain.traktTvThreads_videosLimit" version_id="1000010" version_string="1.0.0 Alpha"><![CDATA[]]></phrase>
  <phrase title="option_explain.traktTvThreads_watchProviderRegion" version_id="1000010" version_string="1.0.0 Alpha"><![CDATA[]]></phrase>
  <phrase title="option_explain.traktTvThreads_watchProviderRegions" version_id="1000010" version_string="1.0.0 Alpha"><![CDATA[Leave it empty to disable.<br />
Phrases can be translated with "snog_tv_country.{countryCode}" key.]]></phrase>
  <phrase title="option_group.traktTvThreads" version_id="1000010" version_string="1.0.0 Alpha"><![CDATA[[nick97] Trakt TV Thread Starter]]></phrase>
  <phrase title="option_group_description.traktTvThreads" version_id="1000010" version_string="1.0.0 Alpha"><![CDATA[Options for the Trakt TV add-on]]></phrase>
  <phrase title="permission.forum_trakt_edit_episodes" version_id="1000010" version_string="1.0.0 Alpha"><![CDATA[Can edit TV episodes]]></phrase>
  <phrase title="permission.forum_trakt_edit_shows" version_id="1000010" version_string="1.0.0 Alpha"><![CDATA[Can edit TV shows]]></phrase>
  <phrase title="permission.trakt_tvthreads_interface_add_info" version_id="1000010" version_string="1.0.0 Alpha"><![CDATA[Can add missing TV information]]></phrase>
  <phrase title="permission.trakt_tvthreads_interface_new_episode" version_id="1000010" version_string="1.0.0 Alpha"><![CDATA[Can add new episode to TV season]]></phrase>
  <phrase title="permission.trakt_tvthreads_interface_new_season" version_id="1000010" version_string="1.0.0 Alpha"><![CDATA[Can add new season to TV show]]></phrase>
  <phrase title="permission.trakt_tvthreads_interface_new_show" version_id="1000010" version_string="1.0.0 Alpha"><![CDATA[Can add TV show to category]]></phrase>
  <phrase title="permission.trakt_tvthreads_interface_updatePersons" version_id="1000010" version_string="1.0.0 Alpha"><![CDATA[Can update persons data]]></phrase>
  <phrase title="permission.trakt_tvthreads_interface_use_trakt_tv" version_id="1000200" version_string="1.0.2 Alpha"><![CDATA[Can use Trakt]]></phrase>
  <phrase title="permission_interface.trakt_tvthreads_interface" version_id="1000010" version_string="1.0.0 Alpha"><![CDATA[[nick97] Trakt TV Thread Starter]]></phrase>
  <phrase title="style_prop.trakt_tv_castPersonLargeImageUrl" version_id="1000010" version_string="1.0.0 Alpha"><![CDATA[Default cast person avatar (large)]]></phrase>
  <phrase title="style_prop.trakt_tv_castPersonSmallImageUrl" version_id="1000010" version_string="1.0.0 Alpha"><![CDATA[Default cast person avatar (small)]]></phrase>
  <phrase title="style_prop.trakt_tv_crewPersonLargeImageUrl" version_id="1000010" version_string="1.0.0 Alpha"><![CDATA[Default crew person avatar (large)]]></phrase>
  <phrase title="style_prop.trakt_tv_crewPersonSmallImageUrl" version_id="1000010" version_string="1.0.0 Alpha"><![CDATA[Default crew person avatar (small)]]></phrase>
  <phrase title="style_prop.trakt_tv_episodeImageHeight" version_id="1000010" version_string="1.0.0 Alpha"><![CDATA[Episode image height]]></phrase>
  <phrase title="style_prop.trakt_tv_episodeImageWidth" version_id="1000010" version_string="1.0.0 Alpha"><![CDATA[Episode image width]]></phrase>
  <phrase title="style_prop.trakt_tv_episodeSearchImageHeight" version_id="1000010" version_string="1.0.0 Alpha"><![CDATA[Episode image height (search results)]]></phrase>
  <phrase title="style_prop.trakt_tv_episodeSearchImageWidth" version_id="1000010" version_string="1.0.0 Alpha"><![CDATA[Episode image width (search results)]]></phrase>
  <phrase title="style_prop.trakt_tv_messageCompaniesPosition" version_id="1000010" version_string="1.0.0 Alpha"><![CDATA[TV show production company list position]]></phrase>
  <phrase title="style_prop.trakt_tv_messageCompaniesTitle" version_id="1000010" version_string="1.0.0 Alpha"><![CDATA[Show TV show production company list block title]]></phrase>
  <phrase title="style_prop.trakt_tv_messageNetworksPosition" version_id="1000010" version_string="1.0.0 Alpha"><![CDATA[TV show network list position]]></phrase>
  <phrase title="style_prop.trakt_tv_messageNetworksTitle" version_id="1000010" version_string="1.0.0 Alpha"><![CDATA[Show TV show networks list block title]]></phrase>
  <phrase title="style_prop.trakt_tv_messagePosterPosition" version_id="1000010" version_string="1.0.0 Alpha"><![CDATA[TV show poster position]]></phrase>
  <phrase title="style_prop.trakt_tv_networkImgHeight" version_id="1000010" version_string="1.0.0 Alpha"><![CDATA[Network image height]]></phrase>
  <phrase title="style_prop.trakt_tv_networkImgWidth" version_id="1000010" version_string="1.0.0 Alpha"><![CDATA[Network image width]]></phrase>
  <phrase title="style_prop.trakt_tv_posterImageHeight" version_id="1000010" version_string="1.0.0 Alpha"><![CDATA[Thread list poster image height]]></phrase>
  <phrase title="style_prop.trakt_tv_posterImageWidth" version_id="1000010" version_string="1.0.0 Alpha"><![CDATA[Thread list poster image width]]></phrase>
  <phrase title="style_prop.trakt_tv_posterUpdateButtonPosition" version_id="1000010" version_string="1.0.0 Alpha"><![CDATA[Check poster updates button position]]></phrase>
  <phrase title="style_prop.trakt_tv_productionCompanyImgHeight" version_id="1000010" version_string="1.0.0 Alpha"><![CDATA[Production company image height]]></phrase>
  <phrase title="style_prop.trakt_tv_productionCompanyImgWidth" version_id="1000010" version_string="1.0.0 Alpha"><![CDATA[Production company image width]]></phrase>
  <phrase title="style_prop.trakt_tv_watchProviderImgHeight" version_id="1000010" version_string="1.0.0 Alpha"><![CDATA[Watch provider image height]]></phrase>
  <phrase title="style_prop.trakt_tv_watchProviderImgWidth" version_id="1000010" version_string="1.0.0 Alpha"><![CDATA[Watch provider image width]]></phrase>
  <phrase title="style_prop_desc.trakt_tv_castPersonLargeImageUrl" version_id="1000010" version_string="1.0.0 Alpha"><![CDATA[Recommended size 300x450]]></phrase>
  <phrase title="style_prop_desc.trakt_tv_castPersonSmallImageUrl" version_id="1000010" version_string="1.0.0 Alpha"><![CDATA[Recommended size 138x175]]></phrase>
  <phrase title="style_prop_desc.trakt_tv_crewPersonLargeImageUrl" version_id="1000010" version_string="1.0.0 Alpha"><![CDATA[Recommended size 300x450]]></phrase>
  <phrase title="style_prop_desc.trakt_tv_crewPersonSmallImageUrl" version_id="1000010" version_string="1.0.0 Alpha"><![CDATA[Recommended size 138x175]]></phrase>
  <phrase title="style_prop_desc.trakt_tv_episodeImageHeight" version_id="1000010" version_string="1.0.0 Alpha"><![CDATA[]]></phrase>
  <phrase title="style_prop_desc.trakt_tv_episodeImageWidth" version_id="1000010" version_string="1.0.0 Alpha"><![CDATA[]]></phrase>
  <phrase title="style_prop_desc.trakt_tv_episodeSearchImageHeight" version_id="1000010" version_string="1.0.0 Alpha"><![CDATA[]]></phrase>
  <phrase title="style_prop_desc.trakt_tv_episodeSearchImageWidth" version_id="1000010" version_string="1.0.0 Alpha"><![CDATA[]]></phrase>
  <phrase title="style_prop_desc.trakt_tv_messageCompaniesPosition" version_id="1000010" version_string="1.0.0 Alpha"><![CDATA[]]></phrase>
  <phrase title="style_prop_desc.trakt_tv_messageCompaniesTitle" version_id="1000010" version_string="1.0.0 Alpha"><![CDATA[]]></phrase>
  <phrase title="style_prop_desc.trakt_tv_messageNetworksPosition" version_id="1000010" version_string="1.0.0 Alpha"><![CDATA[]]></phrase>
  <phrase title="style_prop_desc.trakt_tv_messageNetworksTitle" version_id="1000010" version_string="1.0.0 Alpha"><![CDATA[]]></phrase>
  <phrase title="style_prop_desc.trakt_tv_messagePosterPosition" version_id="1000010" version_string="1.0.0 Alpha"><![CDATA[Select the position for the TV show poster in threads. Note that this will invert the settings below.]]></phrase>
  <phrase title="style_prop_desc.trakt_tv_networkImgHeight" version_id="1000010" version_string="1.0.0 Alpha"><![CDATA[]]></phrase>
  <phrase title="style_prop_desc.trakt_tv_networkImgWidth" version_id="1000010" version_string="1.0.0 Alpha"><![CDATA[]]></phrase>
  <phrase title="style_prop_desc.trakt_tv_posterImageHeight" version_id="1000010" version_string="1.0.0 Alpha"><![CDATA[]]></phrase>
  <phrase title="style_prop_desc.trakt_tv_posterImageWidth" version_id="1000010" version_string="1.0.0 Alpha"><![CDATA[]]></phrase>
  <phrase title="style_prop_desc.trakt_tv_posterUpdateButtonPosition" version_id="1000010" version_string="1.0.0 Alpha"><![CDATA[]]></phrase>
  <phrase title="style_prop_desc.trakt_tv_productionCompanyImgHeight" version_id="1000010" version_string="1.0.0 Alpha"><![CDATA[]]></phrase>
  <phrase title="style_prop_desc.trakt_tv_productionCompanyImgWidth" version_id="1000010" version_string="1.0.0 Alpha"><![CDATA[]]></phrase>
  <phrase title="style_prop_desc.trakt_tv_watchProviderImgHeight" version_id="1000010" version_string="1.0.0 Alpha"><![CDATA[]]></phrase>
  <phrase title="style_prop_desc.trakt_tv_watchProviderImgWidth" version_id="1000010" version_string="1.0.0 Alpha"><![CDATA[]]></phrase>
  <phrase title="style_prop_group.trakt_tv" version_id="1000010" version_string="1.0.0 Alpha"><![CDATA[[nick97] Trakt TV Thread Starter]]></phrase>
  <phrase title="style_prop_group_desc.trakt_tv" version_id="1000010" version_string="1.0.0 Alpha"><![CDATA[]]></phrase>
  <phrase title="thread_type.trakt_tv" version_id="1000010" version_string="1.0.0 Alpha"><![CDATA[Trakt Tv]]></phrase>
  <phrase title="thread_type_plural.trakt_tv" version_id="1000010" version_string="1.0.0 Alpha"><![CDATA[Trakt TV]]></phrase>
  <phrase title="trakt_tv_already_rated" version_id="1000200" version_string="1.0.2 Alpha"><![CDATA[If you have already rated this show, your current rating is shown]]></phrase>
  <phrase title="trakt_tv_cast" version_id="1000010" version_string="1.0.0 Alpha"><![CDATA[Cast]]></phrase>
  <phrase title="trakt_tv_change_rating" version_id="1000200" version_string="1.0.2 Alpha"><![CDATA[Add/Change rating]]></phrase>
  <phrase title="trakt_tv_check_poster" version_id="1000010" version_string="1.0.0 Alpha"><![CDATA[Check for new poster]]></phrase>
  <phrase title="trakt_tv_country.ad" version_id="1000200" version_string="1.0.2 Alpha"><![CDATA[Andorra]]></phrase>
  <phrase title="trakt_tv_country.ae" version_id="1000200" version_string="1.0.2 Alpha"><![CDATA[United Arab Emirates]]></phrase>
  <phrase title="trakt_tv_country.af" version_id="1000200" version_string="1.0.2 Alpha"><![CDATA[Afghanistan]]></phrase>
  <phrase title="trakt_tv_country.ag" version_id="1000200" version_string="1.0.2 Alpha"><![CDATA[Antigua and Barbuda]]></phrase>
  <phrase title="trakt_tv_country.ai" version_id="1000200" version_string="1.0.2 Alpha"><![CDATA[Anguilla]]></phrase>
  <phrase title="trakt_tv_country.al" version_id="1000200" version_string="1.0.2 Alpha"><![CDATA[Albania]]></phrase>
  <phrase title="trakt_tv_country.am" version_id="1000200" version_string="1.0.2 Alpha"><![CDATA[Armenia]]></phrase>
  <phrase title="trakt_tv_country.an" version_id="1000200" version_string="1.0.2 Alpha"><![CDATA[Netherlands Antilles]]></phrase>
  <phrase title="trakt_tv_country.ao" version_id="1000200" version_string="1.0.2 Alpha"><![CDATA[Angola]]></phrase>
  <phrase title="trakt_tv_country.aq" version_id="1000200" version_string="1.0.2 Alpha"><![CDATA[Antarctica]]></phrase>
  <phrase title="trakt_tv_country.ar" version_id="1000200" version_string="1.0.2 Alpha"><![CDATA[Argentina]]></phrase>
  <phrase title="trakt_tv_country.as" version_id="1000200" version_string="1.0.2 Alpha"><![CDATA[American Samoa]]></phrase>
  <phrase title="trakt_tv_country.at" version_id="1000200" version_string="1.0.2 Alpha"><![CDATA[Austria]]></phrase>
  <phrase title="trakt_tv_country.au" version_id="1000200" version_string="1.0.2 Alpha"><![CDATA[Australia]]></phrase>
  <phrase title="trakt_tv_country.aw" version_id="1000200" version_string="1.0.2 Alpha"><![CDATA[Aruba]]></phrase>
  <phrase title="trakt_tv_country.az" version_id="1000200" version_string="1.0.2 Alpha"><![CDATA[Azerbaijan]]></phrase>
  <phrase title="trakt_tv_country.ba" version_id="1000200" version_string="1.0.2 Alpha"><![CDATA[Bosnia and Herzegovina]]></phrase>
  <phrase title="trakt_tv_country.bb" version_id="1000200" version_string="1.0.2 Alpha"><![CDATA[Barbados]]></phrase>
  <phrase title="trakt_tv_country.bd" version_id="1000200" version_string="1.0.2 Alpha"><![CDATA[Bangladesh]]></phrase>
  <phrase title="trakt_tv_country.be" version_id="1000200" version_string="1.0.2 Alpha"><![CDATA[Belgium]]></phrase>
  <phrase title="trakt_tv_country.bf" version_id="1000200" version_string="1.0.2 Alpha"><![CDATA[Burkina Faso]]></phrase>
  <phrase title="trakt_tv_country.bg" version_id="1000200" version_string="1.0.2 Alpha"><![CDATA[Bulgaria]]></phrase>
  <phrase title="trakt_tv_country.bh" version_id="1000200" version_string="1.0.2 Alpha"><![CDATA[Bahrain]]></phrase>
  <phrase title="trakt_tv_country.bi" version_id="1000200" version_string="1.0.2 Alpha"><![CDATA[Burundi]]></phrase>
  <phrase title="trakt_tv_country.bj" version_id="1000200" version_string="1.0.2 Alpha"><![CDATA[Benin]]></phrase>
  <phrase title="trakt_tv_country.bm" version_id="1000200" version_string="1.0.2 Alpha"><![CDATA[Bermuda]]></phrase>
  <phrase title="trakt_tv_country.bn" version_id="1000200" version_string="1.0.2 Alpha"><![CDATA[Brunei Darussalam]]></phrase>
  <phrase title="trakt_tv_country.bo" version_id="1000200" version_string="1.0.2 Alpha"><![CDATA[Bolivia]]></phrase>
  <phrase title="trakt_tv_country.br" version_id="1000200" version_string="1.0.2 Alpha"><![CDATA[Brazil]]></phrase>
  <phrase title="trakt_tv_country.bs" version_id="1000200" version_string="1.0.2 Alpha"><![CDATA[Bahamas]]></phrase>
  <phrase title="trakt_tv_country.bt" version_id="1000200" version_string="1.0.2 Alpha"><![CDATA[Bhutan]]></phrase>
  <phrase title="trakt_tv_country.bv" version_id="1000200" version_string="1.0.2 Alpha"><![CDATA[Bouvet Island]]></phrase>
  <phrase title="trakt_tv_country.bw" version_id="1000200" version_string="1.0.2 Alpha"><![CDATA[Botswana]]></phrase>
  <phrase title="trakt_tv_country.by" version_id="1000200" version_string="1.0.2 Alpha"><![CDATA[Belarus]]></phrase>
  <phrase title="trakt_tv_country.bz" version_id="1000200" version_string="1.0.2 Alpha"><![CDATA[Belize]]></phrase>
  <phrase title="trakt_tv_country.ca" version_id="1000200" version_string="1.0.2 Alpha"><![CDATA[Canada]]></phrase>
  <phrase title="trakt_tv_country.cc" version_id="1000200" version_string="1.0.2 Alpha"><![CDATA[Cocos (Keeling) Islands]]></phrase>
  <phrase title="trakt_tv_country.cd" version_id="1000200" version_string="1.0.2 Alpha"><![CDATA[Congo, the Democratic Republic of the]]></phrase>
  <phrase title="trakt_tv_country.cf" version_id="1000200" version_string="1.0.2 Alpha"><![CDATA[Central African Republic]]></phrase>
  <phrase title="trakt_tv_country.cg" version_id="1000200" version_string="1.0.2 Alpha"><![CDATA[Congo]]></phrase>
  <phrase title="trakt_tv_country.ch" version_id="1000200" version_string="1.0.2 Alpha"><![CDATA[Switzerland]]></phrase>
  <phrase title="trakt_tv_country.ci" version_id="1000200" version_string="1.0.2 Alpha"><![CDATA[Cote D'Ivoire]]></phrase>
  <phrase title="trakt_tv_country.ck" version_id="1000200" version_string="1.0.2 Alpha"><![CDATA[Cook Islands]]></phrase>
  <phrase title="trakt_tv_country.cl" version_id="1000200" version_string="1.0.2 Alpha"><![CDATA[Chile]]></phrase>
  <phrase title="trakt_tv_country.cm" version_id="1000200" version_string="1.0.2 Alpha"><![CDATA[Cameroon]]></phrase>
  <phrase title="trakt_tv_country.cn" version_id="1000200" version_string="1.0.2 Alpha"><![CDATA[China]]></phrase>
  <phrase title="trakt_tv_country.co" version_id="1000200" version_string="1.0.2 Alpha"><![CDATA[Colombia]]></phrase>
  <phrase title="trakt_tv_country.cr" version_id="1000200" version_string="1.0.2 Alpha"><![CDATA[Costa Rica]]></phrase>
  <phrase title="trakt_tv_country.cs" version_id="1000200" version_string="1.0.2 Alpha"><![CDATA[Serbia and Montenegro]]></phrase>
  <phrase title="trakt_tv_country.cu" version_id="1000200" version_string="1.0.2 Alpha"><![CDATA[Cuba]]></phrase>
  <phrase title="trakt_tv_country.cv" version_id="1000200" version_string="1.0.2 Alpha"><![CDATA[Cape Verde]]></phrase>
  <phrase title="trakt_tv_country.cx" version_id="1000200" version_string="1.0.2 Alpha"><![CDATA[Christmas Island]]></phrase>
  <phrase title="trakt_tv_country.cy" version_id="1000200" version_string="1.0.2 Alpha"><![CDATA[Cyprus]]></phrase>
  <phrase title="trakt_tv_country.cz" version_id="1000200" version_string="1.0.2 Alpha"><![CDATA[Czech Republic]]></phrase>
  <phrase title="trakt_tv_country.de" version_id="1000200" version_string="1.0.2 Alpha"><![CDATA[Germany]]></phrase>
  <phrase title="trakt_tv_country.dj" version_id="1000200" version_string="1.0.2 Alpha"><![CDATA[Djibouti]]></phrase>
  <phrase title="trakt_tv_country.dk" version_id="1000200" version_string="1.0.2 Alpha"><![CDATA[Denmark]]></phrase>
  <phrase title="trakt_tv_country.dm" version_id="1000200" version_string="1.0.2 Alpha"><![CDATA[Dominica]]></phrase>
  <phrase title="trakt_tv_country.do" version_id="1000200" version_string="1.0.2 Alpha"><![CDATA[Dominican Republic]]></phrase>
  <phrase title="trakt_tv_country.dz" version_id="1000200" version_string="1.0.2 Alpha"><![CDATA[Algeria]]></phrase>
  <phrase title="trakt_tv_country.ee" version_id="1000200" version_string="1.0.2 Alpha"><![CDATA[Estonia]]></phrase>
  <phrase title="trakt_tv_country.eg" version_id="1000200" version_string="1.0.2 Alpha"><![CDATA[Egypt]]></phrase>
  <phrase title="trakt_tv_country.eh" version_id="1000200" version_string="1.0.2 Alpha"><![CDATA[Western Sahara]]></phrase>
  <phrase title="trakt_tv_country.er" version_id="1000200" version_string="1.0.2 Alpha"><![CDATA[Eritrea]]></phrase>
  <phrase title="trakt_tv_country.es" version_id="1000200" version_string="1.0.2 Alpha"><![CDATA[Spain]]></phrase>
  <phrase title="trakt_tv_country.et" version_id="1000200" version_string="1.0.2 Alpha"><![CDATA[Ethiopia]]></phrase>
  <phrase title="trakt_tv_country.fi" version_id="1000200" version_string="1.0.2 Alpha"><![CDATA[Finland]]></phrase>
  <phrase title="trakt_tv_country.fk" version_id="1000200" version_string="1.0.2 Alpha"><![CDATA[Falkland Islands (Malvinas)]]></phrase>
  <phrase title="trakt_tv_country.fm" version_id="1000200" version_string="1.0.2 Alpha"><![CDATA[Micronesia, Federated States of]]></phrase>
  <phrase title="trakt_tv_country.fo" version_id="1000200" version_string="1.0.2 Alpha"><![CDATA[Faroe Islands]]></phrase>
  <phrase title="trakt_tv_country.fr" version_id="1000200" version_string="1.0.2 Alpha"><![CDATA[France]]></phrase>
  <phrase title="trakt_tv_country.ga" version_id="1000200" version_string="1.0.2 Alpha"><![CDATA[Gabon]]></phrase>
  <phrase title="trakt_tv_country.gb" version_id="1000200" version_string="1.0.2 Alpha"><![CDATA[United Kingdom]]></phrase>
  <phrase title="trakt_tv_country.gd" version_id="1000200" version_string="1.0.2 Alpha"><![CDATA[Grenada]]></phrase>
  <phrase title="trakt_tv_country.ge" version_id="1000200" version_string="1.0.2 Alpha"><![CDATA[Georgia]]></phrase>
  <phrase title="trakt_tv_country.gf" version_id="1000200" version_string="1.0.2 Alpha"><![CDATA[French Guiana]]></phrase>
  <phrase title="trakt_tv_country.gh" version_id="1000200" version_string="1.0.2 Alpha"><![CDATA[Ghana]]></phrase>
  <phrase title="trakt_tv_country.gi" version_id="1000200" version_string="1.0.2 Alpha"><![CDATA[Gibraltar]]></phrase>
  <phrase title="trakt_tv_country.gl" version_id="1000200" version_string="1.0.2 Alpha"><![CDATA[Greenland]]></phrase>
  <phrase title="trakt_tv_country.gm" version_id="1000200" version_string="1.0.2 Alpha"><![CDATA[Gambia]]></phrase>
  <phrase title="trakt_tv_country.gn" version_id="1000200" version_string="1.0.2 Alpha"><![CDATA[Guinea]]></phrase>
  <phrase title="trakt_tv_country.gp" version_id="1000200" version_string="1.0.2 Alpha"><![CDATA[Guadeloupe]]></phrase>
  <phrase title="trakt_tv_country.gq" version_id="1000200" version_string="1.0.2 Alpha"><![CDATA[Equatorial Guinea]]></phrase>
  <phrase title="trakt_tv_country.gr" version_id="1000200" version_string="1.0.2 Alpha"><![CDATA[Greece]]></phrase>
  <phrase title="trakt_tv_country.gs" version_id="1000200" version_string="1.0.2 Alpha"><![CDATA[South Georgia and the South Sandwich Islands]]></phrase>
  <phrase title="trakt_tv_country.gt" version_id="1000200" version_string="1.0.2 Alpha"><![CDATA[Guatemala]]></phrase>
  <phrase title="trakt_tv_country.gu" version_id="1000200" version_string="1.0.2 Alpha"><![CDATA[Guam]]></phrase>
  <phrase title="trakt_tv_country.gw" version_id="1000200" version_string="1.0.2 Alpha"><![CDATA[Guinea-Bissau]]></phrase>
  <phrase title="trakt_tv_country.gy" version_id="1000200" version_string="1.0.2 Alpha"><![CDATA[Guyana]]></phrase>
  <phrase title="trakt_tv_country.hk" version_id="1000200" version_string="1.0.2 Alpha"><![CDATA[Hong Kong]]></phrase>
  <phrase title="trakt_tv_country.hm" version_id="1000200" version_string="1.0.2 Alpha"><![CDATA[Heard Island and Mcdonald Islands]]></phrase>
  <phrase title="trakt_tv_country.hn" version_id="1000200" version_string="1.0.2 Alpha"><![CDATA[Honduras]]></phrase>
  <phrase title="trakt_tv_country.hr" version_id="1000200" version_string="1.0.2 Alpha"><![CDATA[Croatia]]></phrase>
  <phrase title="trakt_tv_country.ht" version_id="1000200" version_string="1.0.2 Alpha"><![CDATA[Haiti]]></phrase>
  <phrase title="trakt_tv_country.hu" version_id="1000200" version_string="1.0.2 Alpha"><![CDATA[Hungary]]></phrase>
  <phrase title="trakt_tv_country.id" version_id="1000200" version_string="1.0.2 Alpha"><![CDATA[Indonesia]]></phrase>
  <phrase title="trakt_tv_country.ie" version_id="1000200" version_string="1.0.2 Alpha"><![CDATA[Ireland]]></phrase>
  <phrase title="trakt_tv_country.il" version_id="1000200" version_string="1.0.2 Alpha"><![CDATA[Israel]]></phrase>
  <phrase title="trakt_tv_country.in" version_id="1000200" version_string="1.0.2 Alpha"><![CDATA[India]]></phrase>
  <phrase title="trakt_tv_country.io" version_id="1000200" version_string="1.0.2 Alpha"><![CDATA[British Indian Ocean Territory]]></phrase>
  <phrase title="trakt_tv_country.iq" version_id="1000200" version_string="1.0.2 Alpha"><![CDATA[Iraq]]></phrase>
  <phrase title="trakt_tv_country.ir" version_id="1000200" version_string="1.0.2 Alpha"><![CDATA[Iran, Islamic Republic of]]></phrase>
  <phrase title="trakt_tv_country.is" version_id="1000200" version_string="1.0.2 Alpha"><![CDATA[Iceland]]></phrase>
  <phrase title="trakt_tv_country.it" version_id="1000200" version_string="1.0.2 Alpha"><![CDATA[Italy]]></phrase>
  <phrase title="trakt_tv_country.jm" version_id="1000200" version_string="1.0.2 Alpha"><![CDATA[Jamaica]]></phrase>
  <phrase title="trakt_tv_country.jo" version_id="1000200" version_string="1.0.2 Alpha"><![CDATA[Jordan]]></phrase>
  <phrase title="trakt_tv_country.jp" version_id="1000200" version_string="1.0.2 Alpha"><![CDATA[Japan]]></phrase>
  <phrase title="trakt_tv_country.ke" version_id="1000200" version_string="1.0.2 Alpha"><![CDATA[Kenya]]></phrase>
  <phrase title="trakt_tv_country.kg" version_id="1000200" version_string="1.0.2 Alpha"><![CDATA[Kyrgyzstan]]></phrase>
  <phrase title="trakt_tv_country.kh" version_id="1000200" version_string="1.0.2 Alpha"><![CDATA[Cambodia]]></phrase>
  <phrase title="trakt_tv_country.ki" version_id="1000200" version_string="1.0.2 Alpha"><![CDATA[Kiribati]]></phrase>
  <phrase title="trakt_tv_country.km" version_id="1000200" version_string="1.0.2 Alpha"><![CDATA[Comoros]]></phrase>
  <phrase title="trakt_tv_country.kn" version_id="1000200" version_string="1.0.2 Alpha"><![CDATA[Saint Kitts and Nevis]]></phrase>
  <phrase title="trakt_tv_country.kp" version_id="1000200" version_string="1.0.2 Alpha"><![CDATA[Korea, Democratic People's Republic of]]></phrase>
  <phrase title="trakt_tv_country.kr" version_id="1000200" version_string="1.0.2 Alpha"><![CDATA[Korea, Republic of]]></phrase>
  <phrase title="trakt_tv_country.kw" version_id="1000200" version_string="1.0.2 Alpha"><![CDATA[Kuwait]]></phrase>
  <phrase title="trakt_tv_country.ky" version_id="1000200" version_string="1.0.2 Alpha"><![CDATA[Cayman Islands]]></phrase>
  <phrase title="trakt_tv_country.kz" version_id="1000200" version_string="1.0.2 Alpha"><![CDATA[Kazakhstan]]></phrase>
  <phrase title="trakt_tv_country.la" version_id="1000200" version_string="1.0.2 Alpha"><![CDATA[Lao People's Democratic Republic]]></phrase>
  <phrase title="trakt_tv_country.lb" version_id="1000200" version_string="1.0.2 Alpha"><![CDATA[Lebanon]]></phrase>
  <phrase title="trakt_tv_country.li" version_id="1000200" version_string="1.0.2 Alpha"><![CDATA[Liechtenstein]]></phrase>
  <phrase title="trakt_tv_country.lk" version_id="1000200" version_string="1.0.2 Alpha"><![CDATA[Sri Lanka]]></phrase>
  <phrase title="trakt_tv_country.lr" version_id="1000200" version_string="1.0.2 Alpha"><![CDATA[Liberia]]></phrase>
  <phrase title="trakt_tv_country.ls" version_id="1000200" version_string="1.0.2 Alpha"><![CDATA[Lesotho]]></phrase>
  <phrase title="trakt_tv_country.lt" version_id="1000200" version_string="1.0.2 Alpha"><![CDATA[Lithuania]]></phrase>
  <phrase title="trakt_tv_country.lu" version_id="1000200" version_string="1.0.2 Alpha"><![CDATA[Luxembourg]]></phrase>
  <phrase title="trakt_tv_country.lv" version_id="1000200" version_string="1.0.2 Alpha"><![CDATA[Latvia]]></phrase>
  <phrase title="trakt_tv_country.ly" version_id="1000200" version_string="1.0.2 Alpha"><![CDATA[Libyan Arab Jamahiriya]]></phrase>
  <phrase title="trakt_tv_country.ma" version_id="1000200" version_string="1.0.2 Alpha"><![CDATA[Morocco]]></phrase>
  <phrase title="trakt_tv_country.mc" version_id="1000200" version_string="1.0.2 Alpha"><![CDATA[Monaco]]></phrase>
  <phrase title="trakt_tv_country.md" version_id="1000200" version_string="1.0.2 Alpha"><![CDATA[Moldova, Republic of]]></phrase>
  <phrase title="trakt_tv_country.mg" version_id="1000200" version_string="1.0.2 Alpha"><![CDATA[Madagascar]]></phrase>
  <phrase title="trakt_tv_country.mh" version_id="1000200" version_string="1.0.2 Alpha"><![CDATA[Marshall Islands]]></phrase>
  <phrase title="trakt_tv_country.mk" version_id="1000200" version_string="1.0.2 Alpha"><![CDATA[Macedonia, the Former Yugoslav Republic of]]></phrase>
  <phrase title="trakt_tv_country.ml" version_id="1000200" version_string="1.0.2 Alpha"><![CDATA[Mali]]></phrase>
  <phrase title="trakt_tv_country.mm" version_id="1000200" version_string="1.0.2 Alpha"><![CDATA[Myanmar]]></phrase>
  <phrase title="trakt_tv_country.mn" version_id="1000200" version_string="1.0.2 Alpha"><![CDATA[Mongolia]]></phrase>
  <phrase title="trakt_tv_country.mo" version_id="1000200" version_string="1.0.2 Alpha"><![CDATA[Macao]]></phrase>
  <phrase title="trakt_tv_country.mp" version_id="1000200" version_string="1.0.2 Alpha"><![CDATA[Northern Mariana Islands]]></phrase>
  <phrase title="trakt_tv_country.mq" version_id="1000200" version_string="1.0.2 Alpha"><![CDATA[Martinique]]></phrase>
  <phrase title="trakt_tv_country.mr" version_id="1000200" version_string="1.0.2 Alpha"><![CDATA[Mauritania]]></phrase>
  <phrase title="trakt_tv_country.ms" version_id="1000200" version_string="1.0.2 Alpha"><![CDATA[Montserrat]]></phrase>
  <phrase title="trakt_tv_country.mt" version_id="1000200" version_string="1.0.2 Alpha"><![CDATA[Malta]]></phrase>
  <phrase title="trakt_tv_country.mu" version_id="1000200" version_string="1.0.2 Alpha"><![CDATA[Mauritius]]></phrase>
  <phrase title="trakt_tv_country.mv" version_id="1000200" version_string="1.0.2 Alpha"><![CDATA[Maldives]]></phrase>
  <phrase title="trakt_tv_country.mw" version_id="1000200" version_string="1.0.2 Alpha"><![CDATA[Malawi]]></phrase>
  <phrase title="trakt_tv_country.mx" version_id="1000200" version_string="1.0.2 Alpha"><![CDATA[Mexico]]></phrase>
  <phrase title="trakt_tv_country.my" version_id="1000200" version_string="1.0.2 Alpha"><![CDATA[Malaysia]]></phrase>
  <phrase title="trakt_tv_country.mz" version_id="1000200" version_string="1.0.2 Alpha"><![CDATA[Mozambique]]></phrase>
  <phrase title="trakt_tv_country.na" version_id="1000200" version_string="1.0.2 Alpha"><![CDATA[Namibia]]></phrase>
  <phrase title="trakt_tv_country.nc" version_id="1000200" version_string="1.0.2 Alpha"><![CDATA[New Caledonia]]></phrase>
  <phrase title="trakt_tv_country.ne" version_id="1000200" version_string="1.0.2 Alpha"><![CDATA[Niger]]></phrase>
  <phrase title="trakt_tv_country.nf" version_id="1000200" version_string="1.0.2 Alpha"><![CDATA[Norfolk Island]]></phrase>
  <phrase title="trakt_tv_country.ng" version_id="1000200" version_string="1.0.2 Alpha"><![CDATA[Nigeria]]></phrase>
  <phrase title="trakt_tv_country.ni" version_id="1000200" version_string="1.0.2 Alpha"><![CDATA[Nicaragua]]></phrase>
  <phrase title="trakt_tv_country.nl" version_id="1000200" version_string="1.0.2 Alpha"><![CDATA[Netherlands]]></phrase>
  <phrase title="trakt_tv_country.no" version_id="1000200" version_string="1.0.2 Alpha"><![CDATA[Norway]]></phrase>
  <phrase title="trakt_tv_country.np" version_id="1000200" version_string="1.0.2 Alpha"><![CDATA[Nepal]]></phrase>
  <phrase title="trakt_tv_country.nr" version_id="1000200" version_string="1.0.2 Alpha"><![CDATA[Nauru]]></phrase>
  <phrase title="trakt_tv_country.nu" version_id="1000200" version_string="1.0.2 Alpha"><![CDATA[Niue]]></phrase>
  <phrase title="trakt_tv_country.nz" version_id="1000200" version_string="1.0.2 Alpha"><![CDATA[New Zealand]]></phrase>
  <phrase title="trakt_tv_country.om" version_id="1000200" version_string="1.0.2 Alpha"><![CDATA[Oman]]></phrase>
  <phrase title="trakt_tv_country.pa" version_id="1000200" version_string="1.0.2 Alpha"><![CDATA[Panama]]></phrase>
  <phrase title="trakt_tv_country.pe" version_id="1000200" version_string="1.0.2 Alpha"><![CDATA[Peru]]></phrase>
  <phrase title="trakt_tv_country.pf" version_id="1000200" version_string="1.0.2 Alpha"><![CDATA[French Polynesia]]></phrase>
  <phrase title="trakt_tv_country.pg" version_id="1000200" version_string="1.0.2 Alpha"><![CDATA[Papua New Guinea]]></phrase>
  <phrase title="trakt_tv_country.ph" version_id="1000200" version_string="1.0.2 Alpha"><![CDATA[Philippines]]></phrase>
  <phrase title="trakt_tv_country.pk" version_id="1000200" version_string="1.0.2 Alpha"><![CDATA[Pakistan]]></phrase>
  <phrase title="trakt_tv_country.pl" version_id="1000200" version_string="1.0.2 Alpha"><![CDATA[Poland]]></phrase>
  <phrase title="trakt_tv_country.pm" version_id="1000200" version_string="1.0.2 Alpha"><![CDATA[Saint Pierre and Miquelon]]></phrase>
  <phrase title="trakt_tv_country.pn" version_id="1000200" version_string="1.0.2 Alpha"><![CDATA[Pitcairn]]></phrase>
  <phrase title="trakt_tv_country.pr" version_id="1000200" version_string="1.0.2 Alpha"><![CDATA[Puerto Rico]]></phrase>
  <phrase title="trakt_tv_country.ps" version_id="1000200" version_string="1.0.2 Alpha"><![CDATA[Palestinian Territory, Occupied]]></phrase>
  <phrase title="trakt_tv_country.pt" version_id="1000200" version_string="1.0.2 Alpha"><![CDATA[Portugal]]></phrase>
  <phrase title="trakt_tv_country.pw" version_id="1000200" version_string="1.0.2 Alpha"><![CDATA[Palau]]></phrase>
  <phrase title="trakt_tv_country.py" version_id="1000200" version_string="1.0.2 Alpha"><![CDATA[Paraguay]]></phrase>
  <phrase title="trakt_tv_country.qa" version_id="1000200" version_string="1.0.2 Alpha"><![CDATA[Qatar]]></phrase>
  <phrase title="trakt_tv_country.re" version_id="1000200" version_string="1.0.2 Alpha"><![CDATA[Reunion]]></phrase>
  <phrase title="trakt_tv_country.ro" version_id="1000200" version_string="1.0.2 Alpha"><![CDATA[Romania]]></phrase>
  <phrase title="trakt_tv_country.ru" version_id="1000200" version_string="1.0.2 Alpha"><![CDATA[Russian Federation]]></phrase>
  <phrase title="trakt_tv_country.rw" version_id="1000200" version_string="1.0.2 Alpha"><![CDATA[Rwanda]]></phrase>
  <phrase title="trakt_tv_country.sa" version_id="1000200" version_string="1.0.2 Alpha"><![CDATA[Saudi Arabia]]></phrase>
  <phrase title="trakt_tv_country.sb" version_id="1000200" version_string="1.0.2 Alpha"><![CDATA[Solomon Islands]]></phrase>
  <phrase title="trakt_tv_country.sc" version_id="1000200" version_string="1.0.2 Alpha"><![CDATA[Seychelles]]></phrase>
  <phrase title="trakt_tv_country.sd" version_id="1000200" version_string="1.0.2 Alpha"><![CDATA[Sudan]]></phrase>
  <phrase title="trakt_tv_country.se" version_id="1000200" version_string="1.0.2 Alpha"><![CDATA[Sweden]]></phrase>
  <phrase title="trakt_tv_country.sg" version_id="1000200" version_string="1.0.2 Alpha"><![CDATA[Singapore]]></phrase>
  <phrase title="trakt_tv_country.sh" version_id="1000200" version_string="1.0.2 Alpha"><![CDATA[Saint Helena]]></phrase>
  <phrase title="trakt_tv_country.si" version_id="1000200" version_string="1.0.2 Alpha"><![CDATA[Slovenia]]></phrase>
  <phrase title="trakt_tv_country.sj" version_id="1000200" version_string="1.0.2 Alpha"><![CDATA[Svalbard and Jan Mayen]]></phrase>
  <phrase title="trakt_tv_country.sk" version_id="1000200" version_string="1.0.2 Alpha"><![CDATA[Slovakia]]></phrase>
  <phrase title="trakt_tv_country.sl" version_id="1000200" version_string="1.0.2 Alpha"><![CDATA[Sierra Leone]]></phrase>
  <phrase title="trakt_tv_country.sm" version_id="1000200" version_string="1.0.2 Alpha"><![CDATA[San Marino]]></phrase>
  <phrase title="trakt_tv_country.sn" version_id="1000200" version_string="1.0.2 Alpha"><![CDATA[Senegal]]></phrase>
  <phrase title="trakt_tv_country.so" version_id="1000200" version_string="1.0.2 Alpha"><![CDATA[Somalia]]></phrase>
  <phrase title="trakt_tv_country.sr" version_id="1000200" version_string="1.0.2 Alpha"><![CDATA[Suriname]]></phrase>
  <phrase title="trakt_tv_country.st" version_id="1000200" version_string="1.0.2 Alpha"><![CDATA[Sao Tome and Principe]]></phrase>
  <phrase title="trakt_tv_country.sv" version_id="1000200" version_string="1.0.2 Alpha"><![CDATA[El Salvador]]></phrase>
  <phrase title="trakt_tv_country.sy" version_id="1000200" version_string="1.0.2 Alpha"><![CDATA[Syrian Arab Republic]]></phrase>
  <phrase title="trakt_tv_country.sz" version_id="1000200" version_string="1.0.2 Alpha"><![CDATA[Swaziland]]></phrase>
  <phrase title="trakt_tv_country.tc" version_id="1000200" version_string="1.0.2 Alpha"><![CDATA[Turks and Caicos Islands]]></phrase>
  <phrase title="trakt_tv_country.td" version_id="1000200" version_string="1.0.2 Alpha"><![CDATA[Chad]]></phrase>
  <phrase title="trakt_tv_country.tf" version_id="1000200" version_string="1.0.2 Alpha"><![CDATA[French Southern Territories]]></phrase>
  <phrase title="trakt_tv_country.tg" version_id="1000200" version_string="1.0.2 Alpha"><![CDATA[Togo]]></phrase>
  <phrase title="trakt_tv_country.th" version_id="1000200" version_string="1.0.2 Alpha"><![CDATA[Thailand]]></phrase>
  <phrase title="trakt_tv_country.tj" version_id="1000200" version_string="1.0.2 Alpha"><![CDATA[Tajikistan]]></phrase>
  <phrase title="trakt_tv_country.tk" version_id="1000200" version_string="1.0.2 Alpha"><![CDATA[Tokelau]]></phrase>
  <phrase title="trakt_tv_country.tl" version_id="1000200" version_string="1.0.2 Alpha"><![CDATA[Timor-Leste]]></phrase>
  <phrase title="trakt_tv_country.tm" version_id="1000200" version_string="1.0.2 Alpha"><![CDATA[Turkmenistan]]></phrase>
  <phrase title="trakt_tv_country.tn" version_id="1000200" version_string="1.0.2 Alpha"><![CDATA[Tunisia]]></phrase>
  <phrase title="trakt_tv_country.to" version_id="1000200" version_string="1.0.2 Alpha"><![CDATA[Tonga]]></phrase>
  <phrase title="trakt_tv_country.tr" version_id="1000200" version_string="1.0.2 Alpha"><![CDATA[Turkey]]></phrase>
  <phrase title="trakt_tv_country.tt" version_id="1000200" version_string="1.0.2 Alpha"><![CDATA[Trinidad and Tobago]]></phrase>
  <phrase title="trakt_tv_country.tv" version_id="1000200" version_string="1.0.2 Alpha"><![CDATA[Tuvalu]]></phrase>
  <phrase title="trakt_tv_country.tw" version_id="1000200" version_string="1.0.2 Alpha"><![CDATA[Taiwan, Province of China]]></phrase>
  <phrase title="trakt_tv_country.tz" version_id="1000200" version_string="1.0.2 Alpha"><![CDATA[Tanzania, United Republic of]]></phrase>
  <phrase title="trakt_tv_country.ua" version_id="1000200" version_string="1.0.2 Alpha"><![CDATA[Ukraine]]></phrase>
  <phrase title="trakt_tv_country.ug" version_id="1000200" version_string="1.0.2 Alpha"><![CDATA[Uganda]]></phrase>
  <phrase title="trakt_tv_country.um" version_id="1000200" version_string="1.0.2 Alpha"><![CDATA[United States Minor Outlying Islands]]></phrase>
  <phrase title="trakt_tv_country.us" version_id="1000200" version_string="1.0.2 Alpha"><![CDATA[United States]]></phrase>
  <phrase title="trakt_tv_country.uy" version_id="1000200" version_string="1.0.2 Alpha"><![CDATA[Uruguay]]></phrase>
  <phrase title="trakt_tv_country.uz" version_id="1000200" version_string="1.0.2 Alpha"><![CDATA[Uzbekistan]]></phrase>
  <phrase title="trakt_tv_country.va" version_id="1000200" version_string="1.0.2 Alpha"><![CDATA[Holy See (Vatican City State)]]></phrase>
  <phrase title="trakt_tv_country.vc" version_id="1000200" version_string="1.0.2 Alpha"><![CDATA[Saint Vincent and the Grenadines]]></phrase>
  <phrase title="trakt_tv_country.ve" version_id="1000200" version_string="1.0.2 Alpha"><![CDATA[Venezuela]]></phrase>
  <phrase title="trakt_tv_country.vg" version_id="1000200" version_string="1.0.2 Alpha"><![CDATA[Virgin Islands, British]]></phrase>
  <phrase title="trakt_tv_country.vi" version_id="1000200" version_string="1.0.2 Alpha"><![CDATA[Virgin Islands, U.s.]]></phrase>
  <phrase title="trakt_tv_country.vn" version_id="1000200" version_string="1.0.2 Alpha"><![CDATA[Viet Nam]]></phrase>
  <phrase title="trakt_tv_country.vu" version_id="1000200" version_string="1.0.2 Alpha"><![CDATA[Vanuatu]]></phrase>
  <phrase title="trakt_tv_country.wf" version_id="1000200" version_string="1.0.2 Alpha"><![CDATA[Wallis and Futuna]]></phrase>
  <phrase title="trakt_tv_country.ws" version_id="1000200" version_string="1.0.2 Alpha"><![CDATA[Samoa]]></phrase>
  <phrase title="trakt_tv_country.ye" version_id="1000200" version_string="1.0.2 Alpha"><![CDATA[Yemen]]></phrase>
  <phrase title="trakt_tv_country.yt" version_id="1000200" version_string="1.0.2 Alpha"><![CDATA[Mayotte]]></phrase>
  <phrase title="trakt_tv_country.za" version_id="1000200" version_string="1.0.2 Alpha"><![CDATA[South Africa]]></phrase>
  <phrase title="trakt_tv_country.zm" version_id="1000200" version_string="1.0.2 Alpha"><![CDATA[Zambia]]></phrase>
  <phrase title="trakt_tv_country.zw" version_id="1000200" version_string="1.0.2 Alpha"><![CDATA[Zimbabwe]]></phrase>
  <phrase title="trakt_tv_crew" version_id="1000010" version_string="1.0.0 Alpha"><![CDATA[Crew]]></phrase>
  <phrase title="trakt_tv_director" version_id="1000010" version_string="1.0.0 Alpha"><![CDATA[Director]]></phrase>
  <phrase title="trakt_tv_first_aired" version_id="1000010" version_string="1.0.0 Alpha"><![CDATA[First aired]]></phrase>
  <phrase title="trakt_tv_genre" version_id="1000010" version_string="1.0.0 Alpha"><![CDATA[Genre]]></phrase>
  <phrase title="trakt_tv_information_thread" version_id="1000010" version_string="1.0.0 Alpha"><![CDATA[Show information in first post provided by <a href="https://trakt.tv/" target="_blank" >Trakt Database</a>]]></phrase>
  <phrase title="trakt_tv_last_air_date" version_id="1000010" version_string="1.0.0 Alpha"><![CDATA[Last air date]]></phrase>
  <phrase title="trakt_tv_overview" version_id="1000010" version_string="1.0.0 Alpha"><![CDATA[Overview]]></phrase>
  <phrase title="trakt_tv_post_episode" version_id="1000010" version_string="1.0.0 Alpha"><![CDATA[If you wish to post an episode for this TV show, enter the Season and Episode numbers]]></phrase>
  <phrase title="trakt_tv_post_show_title" version_id="1000010" version_string="1.0.0 Alpha"><![CDATA[Trakt TV show link or TV show ID]]></phrase>
  <phrase title="trakt_tv_poster_not_available" version_id="1000200" version_string="1.0.2 Alpha"><![CDATA[A new poster is not available]]></phrase>
  <phrase title="trakt_tv_reupload_old_poster" version_id="1000200" version_string="1.0.2 Alpha"><![CDATA[Reupload old poster?]]></phrase>
  <phrase title="trakt_tv_save_poster" version_id="1000200" version_string="1.0.2 Alpha"><![CDATA[Save poster]]></phrase>
  <phrase title="trakt_tv_show_lookup" version_id="1000010" version_string="1.0.0 Alpha"><![CDATA[Don't have the Trakt Link or ID for your TV show? Go to <a href="https://trakt.tv/shows/trending" target="_blank" >Trakt Shows</a> and look it up.]]></phrase>
  <phrase title="trakt_tv_status" version_id="1000010" version_string="1.0.0 Alpha"><![CDATA[Show status]]></phrase>
  <phrase title="trakt_tv_streaming" version_id="1000010" version_string="1.0.0 Alpha"><![CDATA[Streaming]]></phrase>
  <phrase title="trakt_tv_trailer" version_id="1000010" version_string="1.0.0 Alpha"><![CDATA[Trailer]]></phrase>
  <phrase title="trakt_tv_update_person_info" version_id="1000200" version_string="1.0.2 Alpha"><![CDATA[Update person image & data]]></phrase>
  <phrase title="trakt_tv_videos" version_id="1000010" version_string="1.0.0 Alpha"><![CDATA[Videos]]></phrase>
  <phrase title="trakt_tv_where_to_watch" version_id="1000010" version_string="1.0.0 Alpha"><![CDATA[Where to watch]]></phrase>
  <phrase title="widget_def.trakt_tv_poster_slider" version_id="1000010" version_string="1.0.0 Alpha"><![CDATA[[nick97] Trakt TV Thread Starter: Poster Slider]]></phrase>
  <phrase title="widget_def.trakt_tv_slider" version_id="1000010" version_string="1.0.0 Alpha"><![CDATA[[nick97] Trakt TV Thread Starter: Detailed carousel]]></phrase>
  <phrase title="widget_def_desc.trakt_tv_poster_slider" version_id="1000010" version_string="1.0.0 Alpha"><![CDATA[]]></phrase>
  <phrase title="widget_def_desc.trakt_tv_slider" version_id="1000010" version_string="1.0.0 Alpha"><![CDATA[]]></phrase>
</phrases>
