{
    "src/addons/nick97/WatchList/addon.json": "c2d7189d02efe2457f15209548feade96050e006066e34e35699608fc7efeba8",
    "src/addons/nick97/WatchList/ConnectedAccount/Provider/Trakt.php": "c9aa4bf7978d1cb62545fd3c15d14c36dec38494643a919da0fc16c0ff0464a8",
    "src/addons/nick97/WatchList/ConnectedAccount/ProviderData/Trakt.php": "fd743aa03403171a7b9d7157f5818917f6d78c3aaf59fbbdd23a01e1d4e2175d",
    "src/addons/nick97/WatchList/ConnectedAccount/Service/Trakt.php": "605ce9e1cb986768659c24fd87101366c77755c1b3c879f60246aaabd538ae01",
    "src/addons/nick97/WatchList/Pub/Controller/WatchList.php": "d74c4f82f02040116cea5c769b9cecb3173ef426f48b474a8eb8a69ac472f77b",
    "src/addons/nick97/WatchList/Service/watchList.php": "ad98e9a67f2ced91d6ee1b28f76d037c448b198a79f1cb722f884789f3382764",
    "src/addons/nick97/WatchList/Setup.php": "0c767ceb09c6d1d1925f1827ed4aacd4be5d1796f4cb8a06596da5b6ab177f4c",
    "src/addons/nick97/WatchList/XF/Entity/Thread.php": "4b2ab17be13436e54120e4e2f52ff29823e60929103f058fee680c1115ab2b36",
    "src/addons/nick97/WatchList/XF/Entity/User.php": "75556ebc46bf0684a425acf759b3107dbd1903351e86f5276f4de374fce752f0",
    "src/addons/nick97/WatchList/XF/Entity/UserPrivacy.php": "fb13fbbc08430cfeed2f43dea2af0bc2d5995d2d04cad9f84bcc25a92bdfffb3",
    "src/addons/nick97/WatchList/XF/Pub/Controller/Account.php": "36a669b0d733c4bb6bd641bd9eb589f1ffe420f4d48acc3c461f59fe39c9f35a",
    "src/addons/nick97/WatchList/XF/Pub/Controller/Member.php": "a7892bb1c14918cd14b16366b89bde73052b6d205020a4bc960e7d862beae521",
    "src/addons/nick97/WatchList/XF/Pub/Controller/Thread.php": "d7574242f5475cc852e0ed222695408c48d4286797d62d452cfa1b16bd78b065",
    "src/addons/nick97/WatchList/_data/activity_summary_definitions.xml": "99d8c2563a31320d66f958fc8bda78613545f5f7959bb3cf5318805e3a3c39d2",
    "src/addons/nick97/WatchList/_data/admin_navigation.xml": "064ec797484ac00d5ee37367b50b06846d11f480d00550997712707f8fdac8c0",
    "src/addons/nick97/WatchList/_data/admin_permission.xml": "ec6fb97cebf0bceb24f1ed1d5778c1db54eeb7535fbb3e31d824840e7aa9ff87",
    "src/addons/nick97/WatchList/_data/advertising_positions.xml": "d2f7cbe844bb1df3cf878d22ff6306249245c8ff6b0b87b9b729744bec538261",
    "src/addons/nick97/WatchList/_data/api_scopes.xml": "6793eaf758f140e8137187ba20e65f4faccf53410433ae3ad7a8b3b38cb6b3b7",
    "src/addons/nick97/WatchList/_data/bb_codes.xml": "faa4ddd5f4a365e5ac39aebdcbe2d25aedf74e7eb9ea4a812766e2fd5e13bdb1",
    "src/addons/nick97/WatchList/_data/bb_code_media_sites.xml": "29762987990187b33e43cfb68c08dc917b2d3f0176613d78f8e6c453f82da3f3",
    "src/addons/nick97/WatchList/_data/class_extensions.xml": "96235e025b1d5e54b72d69748ee783d102d74f7889ea98295a93168ce5dc5123",
    "src/addons/nick97/WatchList/_data/code_events.xml": "8370dec3df47f91df4cf79da253446ad11b29f4ea568fe76c774e97a0379f0eb",
    "src/addons/nick97/WatchList/_data/code_event_listeners.xml": "d6b5072f4909dee7a20ee9e44b163f95c8aa52e6ac7f573e292000cd9238c331",
    "src/addons/nick97/WatchList/_data/content_type_fields.xml": "c7ad5472b28f465b7ac7617627707eba1b7a39d28089460d52e1ed292fc0b06a",
    "src/addons/nick97/WatchList/_data/cron.xml": "323c4284742ef24329cd6db6f288eb9736d2353f36852e1db12591e1583aea26",
    "src/addons/nick97/WatchList/_data/help_pages.xml": "a8a0c0b06cdc550438bc8a8d385af3e1e5ab3459877dfb934c1c31be59c89163",
    "src/addons/nick97/WatchList/_data/member_stats.xml": "89fb2b93ff1eca7a1f6f752248edf6090dfd24037db1446fd18ff7143f08124d",
    "src/addons/nick97/WatchList/_data/navigation.xml": "e6bd9f4326dd28dc5d11e21b4764b36ff734f2f6a8f417cdb3f9f4a1255b7af3",
    "src/addons/nick97/WatchList/_data/options.xml": "91199bbea74604178a7d462bd38c11d9af30c48ddcbea60ec465f178d474c988",
    "src/addons/nick97/WatchList/_data/option_groups.xml": "4133fb778d43d95ff1b09ae65713740c6fa90cecc7e67a278106391eb95438c5",
    "src/addons/nick97/WatchList/_data/permissions.xml": "ced5473ee209a1248f575f96162363af21783834f5044e997c03e6cccb7347e6",
    "src/addons/nick97/WatchList/_data/permission_interface_groups.xml": "c84e1d91f7cf17e96f1ff5213f25fc1bafb6d023d528316567978908628f7c37",
    "src/addons/nick97/WatchList/_data/phrases.xml": "ff25ed37648f63f670cd0fb64ee7d440db4834026b21d7bb325e74a937851d88",
    "src/addons/nick97/WatchList/_data/routes.xml": "ff561c780db30c77a1d6fa4d6e36ddfddf3623380c89094d9609fa48c1f3e4cd",
    "src/addons/nick97/WatchList/_data/style_properties.xml": "8b8690a8512f01f219dd2da76e3d0c5f62afc1f317b87794a7331c859c36a7a8",
    "src/addons/nick97/WatchList/_data/style_property_groups.xml": "68e1879cb3846c42d978487aa8d5145ff3335fc39e58016878824d5cf3fd684c",
    "src/addons/nick97/WatchList/_data/templates.xml": "015f3e097df185be386b0a5c1823a0473e51781ce317d4e24844948ac842bd0f",
    "src/addons/nick97/WatchList/_data/template_modifications.xml": "c794a88f7068ae1e2475c88078ae752035afe02d89ffbdbeb462ebd17fb058c3",
    "src/addons/nick97/WatchList/_data/widget_definitions.xml": "37e46965256430f24004c2e7f08ba08f9b0d1cbcc4d70e84b3f4e3ffb713e64b",
    "src/addons/nick97/WatchList/_data/widget_positions.xml": "a29cee66134f6bc5d75ed9df1eef21096c24401915c5b5c774389c3d7bb2d5b3"
}