<?xml version="1.0" encoding="utf-8"?>
<options>
  <option option_id="fs_thumbnail_applicable_forums" edit_format="textbox" data_type="string">
    <default_value></default_value>
    <relation group_id="fs_thread_thumbnail" display_order="2"/>
  </option>
  <option option_id="thumbnailImageDimensions" edit_format="template" data_type="array">
    <default_value>{"height":100,"width":100}</default_value>
    <edit_format_params>option_template_ThumbnailimageDimensions</edit_format_params>
    <sub_options>height
width</sub_options>
    <relation group_id="fs_thread_thumbnail" display_order="1"/>
  </option>
</options>
